MESS_DATUM,P
1981-01-01,1015.97
1981-01-02,1018.76
1981-01-03,1001.56
1981-01-04,1000.71
1981-01-05,1014.19
1981-01-06,1011.17
1981-01-07,1026.65
1981-01-08,1041.03
1981-01-09,1034.41
1981-01-10,1016.18
1981-01-11,1026.13
1981-01-12,1018.45
1981-01-13,1012.81
1981-01-14,1010.24
1981-01-15,988.96
1981-01-16,1007.22
1981-01-17,1001.45
1981-01-18,1012.35
1981-01-19,1007.69
1981-01-20,1010.28
1981-01-21,1030.71
1981-01-22,1035.39
1981-01-23,1037.43
1981-01-24,1030.5
1981-01-25,1024.39
1981-01-26,1032.01
1981-01-27,1042.7
1981-01-28,1043.89
1981-01-29,1040.87
1981-01-30,1039.41
1981-01-31,1040.78
1981-02-01,1039.52
1981-02-02,1037.59
1981-02-03,1012.92
1981-02-04,994.82
1981-02-05,1007.07
1981-02-06,1018.76
1981-02-07,1024.33
1981-02-08,1024.26
1981-02-09,1018.69
1981-02-10,1014.09
1981-02-11,1024.46
1981-02-12,1020.74
1981-02-13,1025.19
1981-02-14,1027.12
1981-02-15,1024.13
1981-02-16,1026.24
1981-02-17,1026.75
1981-02-18,1020.38
1981-02-19,1017.73
1981-02-20,1017.44
1981-02-21,1020.77
1981-02-22,1018.07
1981-02-23,1017.97
1981-02-24,1020.19
1981-02-25,1028.04
1981-02-26,1027.65
1981-02-27,1023.09
1981-02-28,1015.73
1981-03-01,1015.25
1981-03-02,1012.36
1981-03-03,1004.04
1981-03-04,1010.31
1981-03-05,1015.37
1981-03-06,1015.08
1981-03-07,1018.9
1981-03-08,1014.59
1981-03-09,1017.26
1981-03-10,1016.53
1981-03-11,1005.38
1981-03-12,1002.22
1981-03-13,1002.76
1981-03-14,1004.77
1981-03-15,1010.41
1981-03-16,1011.81
1981-03-17,1010.12
1981-03-18,1010.66
1981-03-19,1011.42
1981-03-20,1009.15
1981-03-21,1010.61
1981-03-22,1002.94
1981-03-23,1010.98
1981-03-24,1008.44
1981-03-25,1012.78
1981-03-26,1008.43
1981-03-27,1018.25
1981-03-28,1013.02
1981-03-29,1007.19
1981-03-30,1009.77
1981-03-31,1011.56
1981-04-01,1009.3
1981-04-02,1013.22
1981-04-03,1018.92
1981-04-04,1019.35
1981-04-05,1019.31
1981-04-06,1020.46
1981-04-07,1022.01
1981-04-08,1021.88
1981-04-09,1025.45
1981-04-10,1024.42
1981-04-11,1017.17
1981-04-12,1018.67
1981-04-13,1021.67
1981-04-14,1024.46
1981-04-15,1022.87
1981-04-16,1019.88
1981-04-17,1022.16
1981-04-18,1022.87
1981-04-19,1014.78
1981-04-20,1020.58
1981-04-21,1022.52
1981-04-22,1018.96
1981-04-23,1013.09
1981-04-24,1013.78
1981-04-25,1009.5
1981-04-26,1003.43
1981-04-27,1004.35
1981-04-28,1015.2
1981-04-29,1016.79
1981-04-30,1010.42
1981-05-01,1003.35
1981-05-02,1010.06
1981-05-03,1010.42
1981-05-04,997.43
1981-05-05,1002.35
1981-05-06,1017.33
1981-05-07,1017.83
1981-05-08,1011.41
1981-05-09,1009.35
1981-05-10,1003.91
1981-05-11,997.87
1981-05-12,1004.76
1981-05-13,1006.83
1981-05-14,1013.12
1981-05-15,1016.44
1981-05-16,1012.6
1981-05-17,1015.39
1981-05-18,1020.63
1981-05-19,1021.31
1981-05-20,1020.24
1981-05-21,1017.8
1981-05-22,1018.27
1981-05-23,1019.2
1981-05-24,1013.77
1981-05-25,1010.55
1981-05-26,1008.38
1981-05-27,1004.13
1981-05-28,1016.44
1981-05-29,1016.04
1981-05-30,1018.08
1981-05-31,1017.28
1981-06-01,1017.27
1981-06-02,1015.25
1981-06-03,1012.03
1981-06-04,1012.55
1981-06-05,1020.08
1981-06-06,1017.79
1981-06-07,1015.56
1981-06-08,1012.66
1981-06-09,1011.54
1981-06-10,1020.24
1981-06-11,1022.53
1981-06-12,1019.88
1981-06-13,1029.13
1981-06-14,1022.95
1981-06-15,1016.97
1981-06-16,1014.0
1981-06-17,1015.04
1981-06-18,1016.99
1981-06-19,1020.15
1981-06-20,1019.25
1981-06-21,1018.33
1981-06-22,1021.03
1981-06-23,1019.64
1981-06-24,1013.86
1981-06-25,1012.85
1981-06-26,1009.74
1981-06-27,1014.08
1981-06-28,1010.26
1981-06-29,1013.34
1981-06-30,1019.19
1981-07-01,1015.59
1981-07-02,1013.07
1981-07-03,1009.12
1981-07-04,1020.37
1981-07-05,1022.92
1981-07-06,1022.05
1981-07-07,1022.16
1981-07-08,1018.87
1981-07-09,1015.11
1981-07-10,1013.19
1981-07-11,1014.17
1981-07-12,1017.34
1981-07-13,1017.49
1981-07-14,1019.38
1981-07-15,1020.01
1981-07-16,1016.04
1981-07-17,1012.49
1981-07-18,1009.8
1981-07-19,1013.38
1981-07-20,1015.63
1981-07-21,1014.56
1981-07-22,1010.93
1981-07-23,1009.11
1981-07-24,1014.91
1981-07-25,1017.49
1981-07-26,1022.82
1981-07-27,1017.68
1981-07-28,1021.35
1981-07-29,1019.09
1981-07-30,1018.74
1981-07-31,1016.74
1981-08-01,1012.32
1981-08-02,1017.88
1981-08-03,1026.81
1981-08-04,1027.59
1981-08-05,1021.67
1981-08-06,1014.96
1981-08-07,1014.49
1981-08-08,1016.24
1981-08-09,1014.25
1981-08-10,1012.92
1981-08-11,1014.9
1981-08-12,1018.03
1981-08-13,1019.19
1981-08-14,1019.09
1981-08-15,1018.1
1981-08-16,1012.75
1981-08-17,1022.38
1981-08-18,1023.59
1981-08-19,1016.74
1981-08-20,1006.11
1981-08-21,1011.81
1981-08-22,1016.63
1981-08-23,1017.93
1981-08-24,1024.46
1981-08-25,1027.55
1981-08-26,1026.65
1981-08-27,1023.65
1981-08-28,1018.88
1981-08-29,1014.18
1981-08-30,1016.79
1981-08-31,1015.79
1981-09-01,1017.07
1981-09-02,1022.08
1981-09-03,1025.71
1981-09-04,1027.41
1981-09-05,1025.06
1981-09-06,1025.38
1981-09-07,1022.91
1981-09-08,1020.1
1981-09-09,1021.43
1981-09-10,1017.89
1981-09-11,1015.35
1981-09-12,1016.14
1981-09-13,1017.75
1981-09-14,1020.7
1981-09-15,1021.39
1981-09-16,1017.26
1981-09-17,1018.65
1981-09-18,1014.19
1981-09-19,1012.15
1981-09-20,1008.71
1981-09-21,1010.81
1981-09-22,1011.13
1981-09-23,1016.55
1981-09-24,1014.21
1981-09-25,1006.66
1981-09-26,1004.98
1981-09-27,1009.11
1981-09-28,1008.91
1981-09-29,1016.0
1981-09-30,1021.35
1981-10-01,1011.15
1981-10-02,1001.04
1981-10-03,998.82
1981-10-04,1008.04
1981-10-05,1013.38
1981-10-06,1009.99
1981-10-07,1019.49
1981-10-08,1023.71
1981-10-09,1014.97
1981-10-10,1011.61
1981-10-11,1002.74
1981-10-12,1003.77
1981-10-13,1010.54
1981-10-14,1014.36
1981-10-15,1003.97
1981-10-16,1022.43
1981-10-17,1020.68
1981-10-18,1016.42
1981-10-19,1020.37
1981-10-20,1007.87
1981-10-21,1008.14
1981-10-22,1011.53
1981-10-23,1015.69
1981-10-24,1021.18
1981-10-25,1013.37
1981-10-26,1009.84
1981-10-27,1011.64
1981-10-28,1019.41
1981-10-29,1016.66
1981-10-30,1011.78
1981-10-31,1013.87
1981-11-01,1024.91
1981-11-02,1023.86
1981-11-03,1027.09
1981-11-04,1025.31
1981-11-05,1025.26
1981-11-06,1027.56
1981-11-07,1029.2
1981-11-08,1030.02
1981-11-09,1029.42
1981-11-10,1033.38
1981-11-11,1025.71
1981-11-12,1021.73
1981-11-13,1024.22
1981-11-14,1025.56
1981-11-15,1031.93
1981-11-16,1030.78
1981-11-17,1025.46
1981-11-18,1022.16
1981-11-19,1020.27
1981-11-20,1024.61
1981-11-21,1024.54
1981-11-22,1025.67
1981-11-23,1019.37
1981-11-24,1018.34
1981-11-25,1023.45
1981-11-26,1025.76
1981-11-27,1015.02
1981-11-28,1008.54
1981-11-29,1010.62
1981-11-30,1007.73
1981-12-01,1011.88
1981-12-02,1025.46
1981-12-03,1033.13
1981-12-04,1011.34
1981-12-05,1010.33
1981-12-06,1003.11
1981-12-07,993.75
1981-12-08,983.41
1981-12-09,996.84
1981-12-10,1004.9
1981-12-11,994.42
1981-12-12,998.45
1981-12-13,1013.95
1981-12-14,987.75
1981-12-15,992.78
1981-12-16,995.1
1981-12-17,1011.71
1981-12-18,999.61
1981-12-19,1011.3
1981-12-20,1020.31
1981-12-21,1004.82
1981-12-22,997.85
1981-12-23,1000.11
1981-12-24,992.47
1981-12-25,1008.59
1981-12-26,1017.47
1981-12-27,1013.17
1981-12-28,1006.3
1981-12-29,990.98
1981-12-30,998.81
1981-12-31,994.51
1982-01-01,1006.1
1982-01-02,1020.4
1982-01-03,1018.1
1982-01-04,1011.15
1982-01-05,1010.24
1982-01-06,1005.22
1982-01-07,1028.03
1982-01-08,1027.86
1982-01-09,1014.35
1982-01-10,1017.62
1982-01-11,1005.35
1982-01-12,1020.84
1982-01-13,1037.77
1982-01-14,1035.77
1982-01-15,1032.84
1982-01-16,1029.66
1982-01-17,1030.67
1982-01-18,1031.53
1982-01-19,1029.73
1982-01-20,1029.23
1982-01-21,1029.87
1982-01-22,1026.6
1982-01-23,1022.28
1982-01-24,1025.03
1982-01-25,1026.03
1982-01-26,1009.28
1982-01-27,1007.72
1982-01-28,1023.81
1982-01-29,1015.75
1982-01-30,1013.93
1982-01-31,1021.87
1982-02-01,1033.18
1982-02-02,1032.81
1982-02-03,1031.01
1982-02-04,1034.4
1982-02-05,1036.04
1982-02-06,1027.11
1982-02-07,1023.97
1982-02-08,1018.13
1982-02-09,1029.37
1982-02-10,1029.21
1982-02-11,1026.56
1982-02-12,1026.5
1982-02-13,1020.32
1982-02-14,1018.48
1982-02-15,1017.29
1982-02-16,1020.86
1982-02-17,1020.68
1982-02-18,1024.01
1982-02-19,1027.1
1982-02-20,1029.26
1982-02-21,1027.99
1982-02-22,1017.6
1982-02-23,1009.45
1982-02-24,1012.32
1982-02-25,1009.04
1982-02-26,1014.5
1982-02-27,1018.21
1982-02-28,1017.59
1982-03-01,1011.44
1982-03-02,1012.09
1982-03-03,1012.18
1982-03-04,1013.7
1982-03-05,1029.31
1982-03-06,1035.71
1982-03-07,1025.02
1982-03-08,1020.39
1982-03-09,1019.31
1982-03-10,1007.56
1982-03-11,1006.6
1982-03-12,1011.95
1982-03-13,1015.32
1982-03-14,1025.43
1982-03-15,1020.7
1982-03-16,1010.38
1982-03-17,1007.82
1982-03-18,1010.47
1982-03-19,1013.13
1982-03-20,1007.94
1982-03-21,1020.89
1982-03-22,1023.92
1982-03-23,1029.69
1982-03-24,1035.42
1982-03-25,1033.49
1982-03-26,1028.35
1982-03-27,1019.15
1982-03-28,1009.61
1982-03-29,1006.63
1982-03-30,1005.45
1982-03-31,1012.78
1982-04-01,1017.11
1982-04-02,1013.37
1982-04-03,1019.38
1982-04-04,1021.23
1982-04-05,1018.08
1982-04-06,1016.47
1982-04-07,1017.14
1982-04-08,1004.59
1982-04-09,1017.22
1982-04-10,1011.55
1982-04-11,1011.54
1982-04-12,1012.79
1982-04-13,1014.39
1982-04-14,1021.18
1982-04-15,1021.32
1982-04-16,1016.86
1982-04-17,1014.58
1982-04-18,1017.96
1982-04-19,1019.62
1982-04-20,1019.24
1982-04-21,1017.77
1982-04-22,1019.62
1982-04-23,1018.94
1982-04-24,1019.87
1982-04-25,1027.27
1982-04-26,1023.21
1982-04-27,1023.3
1982-04-28,1021.01
1982-04-29,1012.27
1982-04-30,1018.89
1982-05-01,1015.24
1982-05-02,1020.34
1982-05-03,1012.6
1982-05-04,1012.37
1982-05-05,1010.67
1982-05-06,1016.59
1982-05-07,1020.17
1982-05-08,1019.25
1982-05-09,1014.74
1982-05-10,1018.31
1982-05-11,1023.48
1982-05-12,1029.14
1982-05-13,1028.15
1982-05-14,1024.97
1982-05-15,1018.72
1982-05-16,1014.99
1982-05-17,1016.29
1982-05-18,1014.99
1982-05-19,1019.59
1982-05-20,1020.34
1982-05-21,1021.84
1982-05-22,1016.65
1982-05-23,1008.86
1982-05-24,1012.65
1982-05-25,1023.07
1982-05-26,1021.44
1982-05-27,1016.6
1982-05-28,1022.25
1982-05-29,1028.59
1982-05-30,1027.76
1982-05-31,1023.35
1982-06-01,1023.57
1982-06-02,1020.05
1982-06-03,1017.91
1982-06-04,1017.35
1982-06-05,1017.15
1982-06-06,1013.77
1982-06-07,1017.14
1982-06-08,1019.18
1982-06-09,1015.95
1982-06-10,1014.94
1982-06-11,1008.38
1982-06-12,1005.63
1982-06-13,1003.41
1982-06-14,1011.19
1982-06-15,1016.2
1982-06-16,1012.99
1982-06-17,1020.77
1982-06-18,1012.49
1982-06-19,1013.93
1982-06-20,1016.64
1982-06-21,1014.86
1982-06-22,1012.3
1982-06-23,1008.93
1982-06-24,1013.55
1982-06-25,1011.23
1982-06-26,1010.33
1982-06-27,1011.63
1982-06-28,1013.26
1982-06-29,1014.49
1982-06-30,1021.85
1982-07-01,1023.41
1982-07-02,1016.94
1982-07-03,1008.55
1982-07-04,1017.7
1982-07-05,1021.08
1982-07-06,1018.86
1982-07-07,1020.34
1982-07-08,1023.76
1982-07-09,1020.46
1982-07-10,1017.89
1982-07-11,1018.86
1982-07-12,1014.28
1982-07-13,1011.83
1982-07-14,1010.48
1982-07-15,1011.77
1982-07-16,1016.69
1982-07-17,1019.4
1982-07-18,1022.94
1982-07-19,1023.8
1982-07-20,1020.9
1982-07-21,1018.37
1982-07-22,1014.81
1982-07-23,1015.8
1982-07-24,1014.55
1982-07-25,1016.41
1982-07-26,1018.11
1982-07-27,1016.25
1982-07-28,1017.06
1982-07-29,1017.95
1982-07-30,1016.17
1982-07-31,1008.02
1982-08-01,1013.66
1982-08-02,1012.75
1982-08-03,1011.06
1982-08-04,1014.45
1982-08-05,1013.63
1982-08-06,1012.51
1982-08-07,1011.21
1982-08-08,1016.79
1982-08-09,1018.91
1982-08-10,1020.32
1982-08-11,1023.81
1982-08-12,1015.29
1982-08-13,1013.47
1982-08-14,1016.3
1982-08-15,1014.98
1982-08-16,1016.22
1982-08-17,1013.61
1982-08-18,1015.12
1982-08-19,1012.5
1982-08-20,1009.36
1982-08-21,1016.61
1982-08-22,1021.37
1982-08-23,1019.02
1982-08-24,1014.61
1982-08-25,1014.72
1982-08-26,1010.85
1982-08-27,1014.29
1982-08-28,1019.83
1982-08-29,1023.49
1982-08-30,1017.34
1982-08-31,1013.79
1982-09-01,1020.74
1982-09-02,1023.66
1982-09-03,1030.04
1982-09-04,1023.92
1982-09-05,1018.34
1982-09-06,1010.89
1982-09-07,1016.66
1982-09-08,1021.03
1982-09-09,1022.4
1982-09-10,1023.97
1982-09-11,1024.19
1982-09-12,1025.13
1982-09-13,1022.88
1982-09-14,1021.82
1982-09-15,1021.69
1982-09-16,1023.07
1982-09-17,1021.25
1982-09-18,1018.86
1982-09-19,1017.53
1982-09-20,1014.41
1982-09-21,1010.94
1982-09-22,1010.52
1982-09-23,1010.97
1982-09-24,1013.92
1982-09-25,1013.12
1982-09-26,1009.56
1982-09-27,1020.52
1982-09-28,1021.35
1982-09-29,1021.07
1982-09-30,1014.35
1982-10-01,1018.49
1982-10-02,1019.28
1982-10-03,1019.36
1982-10-04,1016.95
1982-10-05,1004.44
1982-10-06,994.82
1982-10-07,989.87
1982-10-08,1000.74
1982-10-09,1006.26
1982-10-10,1014.18
1982-10-11,1012.39
1982-10-12,1007.16
1982-10-13,991.31
1982-10-14,991.24
1982-10-15,1004.52
1982-10-16,1016.84
1982-10-17,1010.86
1982-10-18,1012.35
1982-10-19,1020.58
1982-10-20,1022.14
1982-10-21,1016.22
1982-10-22,1007.33
1982-10-23,1003.13
1982-10-24,1015.93
1982-10-25,1024.54
1982-10-26,1024.36
1982-10-27,1028.57
1982-10-28,1032.36
1982-10-29,1033.59
1982-10-30,1031.11
1982-10-31,1030.29
1982-11-01,1029.87
1982-11-02,1027.25
1982-11-03,1026.49
1982-11-04,1024.61
1982-11-05,1024.45
1982-11-06,1021.0
1982-11-07,1011.09
1982-11-08,1006.39
1982-11-09,1011.66
1982-11-10,1021.36
1982-11-11,1028.51
1982-11-12,1020.48
1982-11-13,1009.41
1982-11-14,1007.41
1982-11-15,1010.09
1982-11-16,1016.13
1982-11-17,1012.66
1982-11-18,1009.49
1982-11-19,1017.31
1982-11-20,1026.36
1982-11-21,1027.0
1982-11-22,1022.75
1982-11-23,1021.66
1982-11-24,1014.12
1982-11-25,1013.82
1982-11-26,1009.39
1982-11-27,1005.22
1982-11-28,1014.64
1982-11-29,1025.51
1982-11-30,1032.31
1982-12-01,1028.14
1982-12-02,1025.8
1982-12-03,1030.05
1982-12-04,1036.61
1982-12-05,1038.07
1982-12-06,1024.04
1982-12-07,1017.37
1982-12-08,1010.01
1982-12-09,1006.24
1982-12-10,994.04
1982-12-11,996.3
1982-12-12,997.05
1982-12-13,1002.32
1982-12-14,1016.46
1982-12-15,1008.22
1982-12-16,997.41
1982-12-17,996.17
1982-12-18,996.45
1982-12-19,1013.28
1982-12-20,992.59
1982-12-21,995.85
1982-12-22,1003.85
1982-12-23,1013.32
1982-12-24,1025.27
1982-12-25,1027.39
1982-12-26,1030.62
1982-12-27,1025.7
1982-12-28,1024.14
1982-12-29,1033.17
1982-12-30,1038.18
1982-12-31,1035.55
1983-01-01,1029.98
1983-01-02,1028.5
1983-01-03,1026.6
1983-01-04,1016.71
1983-01-05,1018.95
1983-01-06,1023.24
1983-01-07,1025.8
1983-01-08,1030.55
1983-01-09,1035.24
1983-01-10,1035.89
1983-01-11,1036.23
1983-01-12,1033.81
1983-01-13,1024.86
1983-01-14,1017.31
1983-01-15,1001.81
1983-01-16,1010.27
1983-01-17,1018.85
1983-01-18,1011.96
1983-01-19,1017.49
1983-01-20,1033.47
1983-01-21,1034.84
1983-01-22,1038.38
1983-01-23,1038.04
1983-01-24,1038.81
1983-01-25,1036.47
1983-01-26,1034.72
1983-01-27,1024.2
1983-01-28,1020.45
1983-01-29,1014.58
1983-01-30,1003.7
1983-01-31,1012.55
1983-02-01,999.24
1983-02-02,1017.11
1983-02-03,1021.53
1983-02-04,1031.32
1983-02-05,1008.32
1983-02-06,992.27
1983-02-07,995.45
1983-02-08,1005.71
1983-02-09,1011.09
1983-02-10,1008.18
1983-02-11,1006.69
1983-02-12,1010.82
1983-02-13,1018.43
1983-02-14,1018.43
1983-02-15,1029.22
1983-02-16,1033.83
1983-02-17,1038.1
1983-02-18,1037.04
1983-02-19,1031.48
1983-02-20,1026.31
1983-02-21,1030.43
1983-02-22,1037.43
1983-02-23,1038.39
1983-02-24,1036.32
1983-02-25,1029.44
1983-02-26,1016.0
1983-02-27,1015.84
1983-02-28,1012.56
1983-03-01,1018.68
1983-03-02,1029.54
1983-03-03,1036.47
1983-03-04,1035.93
1983-03-05,1033.93
1983-03-06,1028.52
1983-03-07,1026.66
1983-03-08,1028.46
1983-03-09,1021.91
1983-03-10,1023.64
1983-03-11,1021.2
1983-03-12,1032.71
1983-03-13,1026.26
1983-03-14,1018.77
1983-03-15,1010.34
1983-03-16,1018.64
1983-03-17,1024.19
1983-03-18,1023.06
1983-03-19,1017.66
1983-03-20,1019.14
1983-03-21,1012.41
1983-03-22,1005.34
1983-03-23,1007.51
1983-03-24,995.8
1983-03-25,1002.79
1983-03-26,994.67
1983-03-27,1003.77
1983-03-28,999.25
1983-03-29,1012.14
1983-03-30,1011.24
1983-03-31,1006.45
1983-04-01,997.58
1983-04-02,994.67
1983-04-03,1001.88
1983-04-04,1004.83
1983-04-05,1005.1
1983-04-06,997.15
1983-04-07,1005.35
1983-04-08,1005.03
1983-04-09,1013.14
1983-04-10,1013.62
1983-04-11,1004.59
1983-04-12,1009.66
1983-04-13,1023.61
1983-04-14,1024.34
1983-04-15,1023.62
1983-04-16,1020.46
1983-04-17,1008.43
1983-04-18,1002.83
1983-04-19,1001.09
1983-04-20,1015.92
1983-04-21,1007.86
1983-04-22,1011.66
1983-04-23,1008.02
1983-04-24,1009.62
1983-04-25,1010.74
1983-04-26,1010.18
1983-04-27,1011.09
1983-04-28,1016.25
1983-04-29,1015.21
1983-04-30,1013.36
1983-05-01,1000.33
1983-05-02,1007.27
1983-05-03,1011.97
1983-05-04,1013.11
1983-05-05,1019.05
1983-05-06,1019.71
1983-05-07,1013.5
1983-05-08,1007.31
1983-05-09,1006.89
1983-05-10,1003.75
1983-05-11,1000.42
1983-05-12,1003.74
1983-05-13,1011.87
1983-05-14,1012.69
1983-05-15,1008.92
1983-05-16,1002.83
1983-05-17,1010.01
1983-05-18,1015.85
1983-05-19,1014.84
1983-05-20,1012.67
1983-05-21,1001.15
1983-05-22,1013.6
1983-05-23,1010.7
1983-05-24,1005.38
1983-05-25,1007.42
1983-05-26,1012.1
1983-05-27,1014.38
1983-05-28,1015.35
1983-05-29,1010.71
1983-05-30,1013.67
1983-05-31,1016.9
1983-06-01,1016.04
1983-06-02,1020.32
1983-06-03,1023.68
1983-06-04,1023.25
1983-06-05,1019.66
1983-06-06,1022.39
1983-06-07,1025.63
1983-06-08,1022.04
1983-06-09,1020.2
1983-06-10,1017.75
1983-06-11,1016.27
1983-06-12,1015.7
1983-06-13,1015.71
1983-06-14,1019.88
1983-06-15,1023.44
1983-06-16,1026.83
1983-06-17,1024.57
1983-06-18,1025.86
1983-06-19,1021.59
1983-06-20,1019.8
1983-06-21,1016.66
1983-06-22,1015.68
1983-06-23,1015.43
1983-06-24,1015.92
1983-06-25,1016.06
1983-06-26,1016.22
1983-06-27,1011.0
1983-06-28,1014.06
1983-06-29,1016.08
1983-06-30,1012.06
1983-07-01,1015.91
1983-07-02,1023.4
1983-07-03,1021.25
1983-07-04,1019.15
1983-07-05,1019.45
1983-07-06,1016.01
1983-07-07,1013.63
1983-07-08,1013.81
1983-07-09,1017.05
1983-07-10,1017.74
1983-07-11,1018.98
1983-07-12,1017.81
1983-07-13,1015.12
1983-07-14,1017.96
1983-07-15,1017.24
1983-07-16,1015.36
1983-07-17,1016.4
1983-07-18,1014.94
1983-07-19,1018.43
1983-07-20,1020.79
1983-07-21,1024.66
1983-07-22,1018.39
1983-07-23,1013.48
1983-07-24,1010.6
1983-07-25,1015.08
1983-07-26,1015.57
1983-07-27,1014.65
1983-07-28,1016.65
1983-07-29,1019.37
1983-07-30,1018.93
1983-07-31,1013.73
1983-08-01,1007.17
1983-08-02,1014.08
1983-08-03,1018.78
1983-08-04,1021.97
1983-08-05,1017.13
1983-08-06,1016.3
1983-08-07,1020.38
1983-08-08,1023.48
1983-08-09,1021.76
1983-08-10,1016.43
1983-08-11,1012.6
1983-08-12,1009.66
1983-08-13,1012.2
1983-08-14,1020.59
1983-08-15,1020.03
1983-08-16,1015.02
1983-08-17,1015.32
1983-08-18,1018.77
1983-08-19,1018.16
1983-08-20,1017.83
1983-08-21,1016.63
1983-08-22,1018.94
1983-08-23,1018.61
1983-08-24,1014.01
1983-08-25,1014.7
1983-08-26,1017.14
1983-08-27,1018.69
1983-08-28,1018.51
1983-08-29,1018.36
1983-08-30,1018.95
1983-08-31,1016.64
1983-09-01,1011.41
1983-09-02,1012.67
1983-09-03,1011.76
1983-09-04,1020.4
1983-09-05,1019.61
1983-09-06,1022.8
1983-09-07,1020.29
1983-09-08,1016.75
1983-09-09,1005.05
1983-09-10,1002.75
1983-09-11,1005.9
1983-09-12,1010.24
1983-09-13,1017.35
1983-09-14,1017.02
1983-09-15,1009.98
1983-09-16,1004.26
1983-09-17,1005.77
1983-09-18,1016.24
1983-09-19,1018.24
1983-09-20,1024.25
1983-09-21,1019.55
1983-09-22,1020.34
1983-09-23,1029.01
1983-09-24,1026.72
1983-09-25,1030.2
1983-09-26,1031.78
1983-09-27,1027.99
1983-09-28,1022.23
1983-09-29,1016.25
1983-09-30,1014.03
1983-10-01,1026.51
1983-10-02,1025.85
1983-10-03,1023.34
1983-10-04,1020.74
1983-10-05,1020.33
1983-10-06,1021.65
1983-10-07,1022.01
1983-10-08,1015.99
1983-10-09,1011.89
1983-10-10,1015.79
1983-10-11,1016.44
1983-10-12,1023.74
1983-10-13,1018.58
1983-10-14,1018.32
1983-10-15,1015.04
1983-10-16,1006.44
1983-10-17,1014.51
1983-10-18,1023.94
1983-10-19,1023.58
1983-10-20,1027.41
1983-10-21,1032.19
1983-10-22,1039.87
1983-10-23,1032.76
1983-10-24,1026.47
1983-10-25,1031.24
1983-10-26,1027.58
1983-10-27,1022.42
1983-10-28,1018.96
1983-10-29,1024.07
1983-10-30,1025.54
1983-10-31,1023.14
1983-11-01,1029.97
1983-11-02,1031.25
1983-11-03,1023.12
1983-11-04,1021.46
1983-11-05,1020.15
1983-11-06,1024.9
1983-11-07,1022.29
1983-11-08,1025.29
1983-11-09,1028.11
1983-11-10,1025.15
1983-11-11,1024.35
1983-11-12,1027.55
1983-11-13,1026.94
1983-11-14,1030.3
1983-11-15,1016.8
1983-11-16,1011.94
1983-11-17,1016.35
1983-11-18,1021.16
1983-11-19,1024.86
1983-11-20,1017.16
1983-11-21,1015.62
1983-11-22,1025.09
1983-11-23,1027.5
1983-11-24,1027.71
1983-11-25,1020.12
1983-11-26,1003.32
1983-11-27,981.14
1983-11-28,997.53
1983-11-29,1014.1
1983-11-30,1023.01
1983-12-01,1039.76
1983-12-02,1041.23
1983-12-03,1035.99
1983-12-04,1034.74
1983-12-05,1031.62
1983-12-06,1024.57
1983-12-07,1027.81
1983-12-08,1031.66
1983-12-09,1009.88
1983-12-10,1000.16
1983-12-11,1016.24
1983-12-12,1022.88
1983-12-13,1027.09
1983-12-14,1027.49
1983-12-15,1019.53
1983-12-16,1006.7
1983-12-17,1001.25
1983-12-18,1000.64
1983-12-19,992.15
1983-12-20,1003.31
1983-12-21,1000.73
1983-12-22,1008.48
1983-12-23,1009.09
1983-12-24,1016.94
1983-12-25,1014.03
1983-12-26,1013.93
1983-12-27,1038.64
1983-12-28,1033.38
1983-12-29,1036.34
1983-12-30,1023.91
1983-12-31,1027.84
1984-01-01,1020.85
1984-01-02,1019.96
1984-01-03,1002.51
1984-01-04,1007.71
1984-01-05,1023.09
1984-01-06,1018.66
1984-01-07,1006.67
1984-01-08,1005.41
1984-01-09,1014.34
1984-01-10,1028.09
1984-01-11,1025.49
1984-01-12,1008.57
1984-01-13,1011.81
1984-01-14,997.67
1984-01-15,1006.54
1984-01-16,1019.62
1984-01-17,1005.61
1984-01-18,1017.92
1984-01-19,1014.65
1984-01-20,1014.11
1984-01-21,1021.31
1984-01-22,1009.41
1984-01-23,997.61
1984-01-24,987.84
1984-01-25,1011.95
1984-01-26,1019.97
1984-01-27,1017.3
1984-01-28,1025.15
1984-01-29,1023.82
1984-01-30,1018.73
1984-01-31,1006.03
1984-02-01,1007.31
1984-02-02,1006.82
1984-02-03,1011.8
1984-02-04,1018.71
1984-02-05,1015.78
1984-02-06,1009.29
1984-02-07,994.64
1984-02-08,990.87
1984-02-09,1016.61
1984-02-10,1037.01
1984-02-11,1033.46
1984-02-12,1043.19
1984-02-13,1038.64
1984-02-14,1038.22
1984-02-15,1037.21
1984-02-16,1034.29
1984-02-17,1033.47
1984-02-18,1031.34
1984-02-19,1022.12
1984-02-20,1019.57
1984-02-21,1021.07
1984-02-22,1019.12
1984-02-23,1020.89
1984-02-24,1023.97
1984-02-25,1018.93
1984-02-26,1011.93
1984-02-27,1010.36
1984-02-28,1015.97
1984-02-29,1015.7
1984-03-01,1010.82
1984-03-02,1006.0
1984-03-03,1005.68
1984-03-04,1024.09
1984-03-05,1030.32
1984-03-06,1033.7
1984-03-07,1029.08
1984-03-08,1030.64
1984-03-09,1033.64
1984-03-10,1029.06
1984-03-11,1027.97
1984-03-12,1023.93
1984-03-13,1023.31
1984-03-14,1021.92
1984-03-15,1011.74
1984-03-16,1010.1
1984-03-17,1012.18
1984-03-18,1016.95
1984-03-19,1019.59
1984-03-20,1014.46
1984-03-21,1011.85
1984-03-22,1011.86
1984-03-23,1011.85
1984-03-24,1007.51
1984-03-25,1003.45
1984-03-26,1001.26
1984-03-27,1006.97
1984-03-28,1005.58
1984-03-29,1007.39
1984-03-30,1013.55
1984-03-31,1012.5
1984-04-01,1004.35
1984-04-02,1001.94
1984-04-03,1009.13
1984-04-04,1011.58
1984-04-05,1012.81
1984-04-06,1017.38
1984-04-07,1020.11
1984-04-08,1021.41
1984-04-09,1021.27
1984-04-10,1015.66
1984-04-11,1013.02
1984-04-12,1016.83
1984-04-13,1024.96
1984-04-14,1020.91
1984-04-15,1013.63
1984-04-16,1013.69
1984-04-17,1027.85
1984-04-18,1031.77
1984-04-19,1028.46
1984-04-20,1025.41
1984-04-21,1021.95
1984-04-22,1019.71
1984-04-23,1020.58
1984-04-24,1026.2
1984-04-25,1028.36
1984-04-26,1019.79
1984-04-27,1024.82
1984-04-28,1020.25
1984-04-29,1023.15
1984-04-30,1011.82
1984-05-01,1003.3
1984-05-02,1005.54
1984-05-03,1008.54
1984-05-04,1012.08
1984-05-05,1008.41
1984-05-06,1012.59
1984-05-07,1013.65
1984-05-08,1018.26
1984-05-09,1018.96
1984-05-10,1013.47
1984-05-11,1015.15
1984-05-12,1018.09
1984-05-13,1017.19
1984-05-14,1009.52
1984-05-15,1005.34
1984-05-16,996.26
1984-05-17,1004.59
1984-05-18,1011.95
1984-05-19,1002.24
1984-05-20,1002.75
1984-05-21,990.02
1984-05-22,1005.64
1984-05-23,1003.52
1984-05-24,1001.72
1984-05-25,1001.74
1984-05-26,1005.03
1984-05-27,1005.82
1984-05-28,1007.16
1984-05-29,1008.16
1984-05-30,1008.78
1984-05-31,1011.08
1984-06-01,1010.96
1984-06-02,1015.07
1984-06-03,1005.57
1984-06-04,1002.83
1984-06-05,1005.79
1984-06-06,1010.52
1984-06-07,1008.85
1984-06-08,1006.9
1984-06-09,1015.08
1984-06-10,1020.4
1984-06-11,1023.34
1984-06-12,1026.85
1984-06-13,1022.87
1984-06-14,1018.02
1984-06-15,1021.61
1984-06-16,1021.9
1984-06-17,1021.28
1984-06-18,1024.21
1984-06-19,1026.25
1984-06-20,1020.75
1984-06-21,1009.18
1984-06-22,1012.16
1984-06-23,1010.55
1984-06-24,1012.74
1984-06-25,1017.7
1984-06-26,1020.17
1984-06-27,1019.54
1984-06-28,1011.03
1984-06-29,1014.46
1984-06-30,1015.77
1984-07-01,1019.97
1984-07-02,1012.7
1984-07-03,1018.79
1984-07-04,1022.85
1984-07-05,1023.06
1984-07-06,1020.04
1984-07-07,1021.77
1984-07-08,1020.18
1984-07-09,1016.1
1984-07-10,1014.77
1984-07-11,1012.14
1984-07-12,1019.87
1984-07-13,1017.79
1984-07-14,1017.39
1984-07-15,1006.52
1984-07-16,1013.07
1984-07-17,1017.37
1984-07-18,1020.45
1984-07-19,1017.88
1984-07-20,1020.2
1984-07-21,1020.07
1984-07-22,1019.86
1984-07-23,1021.06
1984-07-24,1019.44
1984-07-25,1016.22
1984-07-26,1017.47
1984-07-27,1023.64
1984-07-28,1020.99
1984-07-29,1019.77
1984-07-30,1016.11
1984-07-31,1014.35
1984-08-01,1019.76
1984-08-02,1021.85
1984-08-03,1016.95
1984-08-04,1018.52
1984-08-05,1019.46
1984-08-06,1020.99
1984-08-07,1020.06
1984-08-08,1016.67
1984-08-09,1016.21
1984-08-10,1012.93
1984-08-11,1012.27
1984-08-12,1016.04
1984-08-13,1016.54
1984-08-14,1014.54
1984-08-15,1015.8
1984-08-16,1018.23
1984-08-17,1020.81
1984-08-18,1023.05
1984-08-19,1025.18
1984-08-20,1022.75
1984-08-21,1019.71
1984-08-22,1015.62
1984-08-23,1012.95
1984-08-24,1007.56
1984-08-25,1010.53
1984-08-26,1012.75
1984-08-27,1017.81
1984-08-28,1020.89
1984-08-29,1019.67
1984-08-30,1019.13
1984-08-31,1017.85
1984-09-01,1017.59
1984-09-02,1018.05
1984-09-03,1014.3
1984-09-04,1009.3
1984-09-05,1007.47
1984-09-06,1014.66
1984-09-07,1017.5
1984-09-08,1015.63
1984-09-09,1008.3
1984-09-10,1001.92
1984-09-11,1014.59
1984-09-12,1015.81
1984-09-13,1019.21
1984-09-14,1012.17
1984-09-15,1009.62
1984-09-16,1010.72
1984-09-17,1012.43
1984-09-18,1007.14
1984-09-19,1009.38
1984-09-20,1010.43
1984-09-21,1006.37
1984-09-22,1006.87
1984-09-23,997.6
1984-09-24,999.65
1984-09-25,1007.92
1984-09-26,1010.58
1984-09-27,1016.42
1984-09-28,1016.3
1984-09-29,1012.22
1984-09-30,1012.56
1984-10-01,1004.94
1984-10-02,1003.56
1984-10-03,1006.37
1984-10-04,1004.82
1984-10-05,996.01
1984-10-06,1009.86
1984-10-07,1025.17
1984-10-08,1025.11
1984-10-09,1026.06
1984-10-10,1027.09
1984-10-11,1023.61
1984-10-12,1025.48
1984-10-13,1028.53
1984-10-14,1028.93
1984-10-15,1026.52
1984-10-16,1028.57
1984-10-17,1019.95
1984-10-18,1010.29
1984-10-19,1006.34
1984-10-20,1010.79
1984-10-21,1020.31
1984-10-22,1020.73
1984-10-23,1015.06
1984-10-24,1018.67
1984-10-25,1012.16
1984-10-26,1012.88
1984-10-27,1023.76
1984-10-28,1031.06
1984-10-29,1031.61
1984-10-30,1029.75
1984-10-31,1028.65
1984-11-01,1025.47
1984-11-02,1020.57
1984-11-03,1018.91
1984-11-04,1015.58
1984-11-05,1009.94
1984-11-06,1007.34
1984-11-07,1012.9
1984-11-08,1013.79
1984-11-09,1011.74
1984-11-10,1019.54
1984-11-11,1023.2
1984-11-12,1017.83
1984-11-13,1015.64
1984-11-14,1010.14
1984-11-15,1001.77
1984-11-16,1000.31
1984-11-17,1002.91
1984-11-18,1005.92
1984-11-19,1006.96
1984-11-20,1012.25
1984-11-21,1009.22
1984-11-22,1005.74
1984-11-23,1000.11
1984-11-24,1005.29
1984-11-25,1014.74
1984-11-26,1018.59
1984-11-27,1031.77
1984-11-28,1026.23
1984-11-29,1024.3
1984-11-30,1019.27
1984-12-01,1012.88
1984-12-02,1015.18
1984-12-03,1022.19
1984-12-04,1025.79
1984-12-05,1029.32
1984-12-06,1028.49
1984-12-07,1034.26
1984-12-08,1033.63
1984-12-09,1028.65
1984-12-10,1030.16
1984-12-11,1028.13
1984-12-12,1026.25
1984-12-13,1017.25
1984-12-14,1017.45
1984-12-15,1023.75
1984-12-16,1018.16
1984-12-17,1013.64
1984-12-18,1012.52
1984-12-19,1028.3
1984-12-20,1027.36
1984-12-21,1018.51
1984-12-22,1032.33
1984-12-23,1029.89
1984-12-24,1021.27
1984-12-25,1017.28
1984-12-26,1014.76
1984-12-27,1016.13
1984-12-28,1031.0
1984-12-29,1037.16
1984-12-30,1038.56
1984-12-31,1034.39
1985-01-01,1012.99
1985-01-02,1002.75
1985-01-03,1010.01
1985-01-04,1007.45
1985-01-05,1012.58
1985-01-06,1014.46
1985-01-07,1012.76
1985-01-08,1019.14
1985-01-09,1019.93
1985-01-10,1023.49
1985-01-11,1030.91
1985-01-12,1023.68
1985-01-13,1026.92
1985-01-14,1021.44
1985-01-15,1022.54
1985-01-16,1022.49
1985-01-17,1014.58
1985-01-18,1006.22
1985-01-19,1007.57
1985-01-20,1008.57
1985-01-21,1003.3
1985-01-22,997.39
1985-01-23,1003.93
1985-01-24,1011.17
1985-01-25,1007.59
1985-01-26,996.28
1985-01-27,1013.98
1985-01-28,1018.01
1985-01-29,1025.46
1985-01-30,1023.26
1985-01-31,1018.85
1985-02-01,1015.59
1985-02-02,1013.53
1985-02-03,1026.72
1985-02-04,1030.84
1985-02-05,1019.68
1985-02-06,1015.71
1985-02-07,1019.67
1985-02-08,1014.85
1985-02-09,1004.37
1985-02-10,1011.06
1985-02-11,1014.64
1985-02-12,1016.22
1985-02-13,1013.17
1985-02-14,1013.16
1985-02-15,1025.83
1985-02-16,1033.42
1985-02-17,1028.43
1985-02-18,1034.42
1985-02-19,1037.92
1985-02-20,1038.92
1985-02-21,1031.53
1985-02-22,1033.78
1985-02-23,1034.92
1985-02-24,1033.15
1985-02-25,1031.03
1985-02-26,1028.24
1985-02-27,1028.61
1985-02-28,1026.27
1985-03-01,1021.49
1985-03-02,1016.64
1985-03-03,1018.06
1985-03-04,1015.37
1985-03-05,1023.51
1985-03-06,1028.89
1985-03-07,1029.74
1985-03-08,1033.4
1985-03-09,1035.2
1985-03-10,1034.01
1985-03-11,1030.83
1985-03-12,1029.98
1985-03-13,1022.21
1985-03-14,1011.8
1985-03-15,1009.62
1985-03-16,1000.23
1985-03-17,1000.58
1985-03-18,1006.46
1985-03-19,1008.17
1985-03-20,1003.36
1985-03-21,996.69
1985-03-22,995.9
1985-03-23,1003.01
1985-03-24,1007.22
1985-03-25,1009.76
1985-03-26,1005.71
1985-03-27,1001.75
1985-03-28,1013.73
1985-03-29,1016.41
1985-03-30,1012.25
1985-03-31,1009.51
1985-04-01,1017.9
1985-04-02,1015.49
1985-04-03,1021.71
1985-04-04,1012.88
1985-04-05,1003.62
1985-04-06,1002.56
1985-04-07,1008.72
1985-04-08,1001.12
1985-04-09,1000.39
1985-04-10,1007.62
1985-04-11,1012.3
1985-04-12,1007.35
1985-04-13,1005.73
1985-04-14,1006.61
1985-04-15,1017.59
1985-04-16,1025.71
1985-04-17,1032.97
1985-04-18,1028.51
1985-04-19,1023.4
1985-04-20,1009.34
1985-04-21,1010.37
1985-04-22,1011.87
1985-04-23,1008.61
1985-04-24,1019.73
1985-04-25,1014.87
1985-04-26,1016.76
1985-04-27,1007.55
1985-04-28,1005.69
1985-04-29,1009.85
1985-04-30,1010.95
1985-05-01,1009.78
1985-05-02,1003.11
1985-05-03,1005.93
1985-05-04,1009.39
1985-05-05,1007.89
1985-05-06,1002.69
1985-05-07,997.58
1985-05-08,1001.15
1985-05-09,1006.13
1985-05-10,1012.77
1985-05-11,1012.7
1985-05-12,1008.23
1985-05-13,1008.35
1985-05-14,1008.08
1985-05-15,1014.29
1985-05-16,1015.04
1985-05-17,1017.41
1985-05-18,1015.82
1985-05-19,1016.72
1985-05-20,1012.81
1985-05-21,1008.0
1985-05-22,1005.19
1985-05-23,1006.02
1985-05-24,1013.04
1985-05-25,1017.17
1985-05-26,1015.14
1985-05-27,1011.91
1985-05-28,1016.15
1985-05-29,1017.6
1985-05-30,1020.27
1985-05-31,1021.95
1985-06-01,1021.98
1985-06-02,1020.26
1985-06-03,1019.41
1985-06-04,1016.26
1985-06-05,1011.15
1985-06-06,1011.0
1985-06-07,1009.72
1985-06-08,1012.04
1985-06-09,1016.86
1985-06-10,1009.89
1985-06-11,1017.08
1985-06-12,1008.21
1985-06-13,1006.22
1985-06-14,1011.93
1985-06-15,1014.72
1985-06-16,1018.58
1985-06-17,1016.94
1985-06-18,1017.94
1985-06-19,1012.91
1985-06-20,1007.15
1985-06-21,1012.37
1985-06-22,1008.91
1985-06-23,1010.37
1985-06-24,1011.72
1985-06-25,1017.65
1985-06-26,1018.05
1985-06-27,1018.01
1985-06-28,1017.83
1985-06-29,1018.54
1985-06-30,1019.49
1985-07-01,1014.41
1985-07-02,1019.43
1985-07-03,1022.78
1985-07-04,1019.95
1985-07-05,1017.01
1985-07-06,1019.57
1985-07-07,1024.79
1985-07-08,1020.4
1985-07-09,1018.08
1985-07-10,1017.47
1985-07-11,1019.07
1985-07-12,1020.76
1985-07-13,1022.35
1985-07-14,1016.6
1985-07-15,1017.88
1985-07-16,1018.1
1985-07-17,1021.05
1985-07-18,1014.41
1985-07-19,1009.75
1985-07-20,1012.39
1985-07-21,1021.84
1985-07-22,1024.69
1985-07-23,1020.85
1985-07-24,1023.95
1985-07-25,1019.32
1985-07-26,1012.03
1985-07-27,1012.42
1985-07-28,1010.67
1985-07-29,1006.75
1985-07-30,1009.37
1985-07-31,1009.22
1985-08-01,1013.83
1985-08-02,1017.95
1985-08-03,1013.96
1985-08-04,1014.19
1985-08-05,1002.99
1985-08-06,1005.4
1985-08-07,1014.29
1985-08-08,1015.62
1985-08-09,1014.52
1985-08-10,1009.54
1985-08-11,1017.32
1985-08-12,1017.16
1985-08-13,1018.91
1985-08-14,1017.05
1985-08-15,1018.15
1985-08-16,1016.88
1985-08-17,1017.69
1985-08-18,1019.28
1985-08-19,1013.15
1985-08-20,1017.48
1985-08-21,1021.0
1985-08-22,1016.93
1985-08-23,1020.83
1985-08-24,1010.06
1985-08-25,1013.45
1985-08-26,1014.47
1985-08-27,1026.32
1985-08-28,1027.19
1985-08-29,1025.59
1985-08-30,1023.15
1985-08-31,1018.16
1985-09-01,1014.6
1985-09-02,1019.24
1985-09-03,1009.87
1985-09-04,1018.52
1985-09-05,1018.79
1985-09-06,1020.57
1985-09-07,1025.03
1985-09-08,1018.7
1985-09-09,1018.69
1985-09-10,1026.3
1985-09-11,1026.19
1985-09-12,1024.94
1985-09-13,1019.97
1985-09-14,1020.21
1985-09-15,1015.31
1985-09-16,1021.99
1985-09-17,1021.53
1985-09-18,1025.59
1985-09-19,1020.34
1985-09-20,1018.94
1985-09-21,1016.99
1985-09-22,1016.38
1985-09-23,1019.68
1985-09-24,1018.63
1985-09-25,1021.0
1985-09-26,1027.54
1985-09-27,1027.79
1985-09-28,1025.22
1985-09-29,1027.32
1985-09-30,1027.62
1985-10-01,1024.85
1985-10-02,1022.68
1985-10-03,1018.49
1985-10-04,1016.17
1985-10-05,1016.4
1985-10-06,1020.28
1985-10-07,1023.12
1985-10-08,1015.55
1985-10-09,1016.66
1985-10-10,1023.45
1985-10-11,1029.76
1985-10-12,1030.46
1985-10-13,1036.54
1985-10-14,1034.77
1985-10-15,1029.26
1985-10-16,1032.24
1985-10-17,1031.24
1985-10-18,1024.92
1985-10-19,1024.55
1985-10-20,1029.1
1985-10-21,1028.79
1985-10-22,1029.77
1985-10-23,1036.44
1985-10-24,1032.79
1985-10-25,1029.95
1985-10-26,1028.91
1985-10-27,1026.55
1985-10-28,1026.79
1985-10-29,1024.68
1985-10-30,1020.17
1985-10-31,1012.3
1985-11-01,1010.22
1985-11-02,1002.81
1985-11-03,1010.31
1985-11-04,1012.69
1985-11-05,993.95
1985-11-06,1001.73
1985-11-07,1007.08
1985-11-08,1011.44
1985-11-09,1005.23
1985-11-10,1002.76
1985-11-11,1013.89
1985-11-12,1012.43
1985-11-13,1017.34
1985-11-14,1028.45
1985-11-15,1034.7
1985-11-16,1032.3
1985-11-17,1035.37
1985-11-18,1033.23
1985-11-19,1021.94
1985-11-20,1015.37
1985-11-21,1014.99
1985-11-22,1019.72
1985-11-23,1023.67
1985-11-24,1019.62
1985-11-25,1014.12
1985-11-26,1010.51
1985-11-27,1009.91
1985-11-28,1008.46
1985-11-29,1019.32
1985-11-30,1017.99
1985-12-01,1026.0
1985-12-02,1026.45
1985-12-03,1023.1
1985-12-04,1021.84
1985-12-05,1012.61
1985-12-06,1011.37
1985-12-07,1011.98
1985-12-08,1015.09
1985-12-09,1014.54
1985-12-10,1018.57
1985-12-11,1026.79
1985-12-12,1034.38
1985-12-13,1033.52
1985-12-14,1029.53
1985-12-15,1026.75
1985-12-16,1025.27
1985-12-17,1020.98
1985-12-18,1019.26
1985-12-19,1020.46
1985-12-20,1020.35
1985-12-21,1022.48
1985-12-22,1020.79
1985-12-23,1017.56
1985-12-24,1014.38
1985-12-25,1005.76
1985-12-26,1001.37
1985-12-27,1004.06
1985-12-28,1003.27
1985-12-29,1003.5
1985-12-30,1017.79
1985-12-31,1014.17
1986-01-01,1007.05
1986-01-02,996.72
1986-01-03,1000.28
1986-01-04,1011.87
1986-01-05,1006.72
1986-01-06,1003.28
1986-01-07,1013.26
1986-01-08,1015.46
1986-01-09,1021.93
1986-01-10,1031.48
1986-01-11,1014.84
1986-01-12,1013.28
1986-01-13,1011.09
1986-01-14,1002.23
1986-01-15,997.98
1986-01-16,1011.08
1986-01-17,1017.84
1986-01-18,1020.05
1986-01-19,1010.06
1986-01-20,1017.31
1986-01-21,1018.12
1986-01-22,1011.15
1986-01-23,991.8
1986-01-24,992.93
1986-01-25,1011.75
1986-01-26,1021.74
1986-01-27,1018.62
1986-01-28,1015.23
1986-01-29,1008.28
1986-01-30,1002.51
1986-01-31,1000.81
1986-02-01,994.7
1986-02-02,1004.47
1986-02-03,1012.29
1986-02-04,1015.32
1986-02-05,1010.43
1986-02-07,1018.13
1986-02-08,1013.69
1986-02-09,1019.09
1986-02-10,1023.32
1986-02-11,1029.44
1986-02-12,1033.25
1986-02-13,1024.73
1986-02-14,1015.74
1986-02-15,1012.5
1986-02-16,1011.12
1986-02-17,1003.03
1986-02-18,1001.29
1986-02-19,1006.39
1986-02-20,1016.11
1986-02-21,1012.81
1986-02-22,1015.65
1986-02-23,1014.17
1986-02-24,1017.71
1986-02-25,1024.02
1986-02-26,1033.55
1986-02-27,1032.6
1986-02-28,1027.61
1986-03-01,1015.75
1986-03-02,1012.84
1986-03-03,1015.62
1986-03-04,1015.01
1986-03-05,1010.85
1986-03-06,1009.04
1986-03-07,1021.17
1986-03-08,1024.75
1986-03-09,1020.22
1986-03-10,1021.82
1986-03-11,1021.78
1986-03-12,1020.45
1986-03-13,1017.07
1986-03-14,1027.16
1986-03-15,1029.38
1986-03-16,1022.77
1986-03-17,1026.03
1986-03-18,1023.21
1986-03-19,1021.77
1986-03-20,1023.11
1986-03-21,1020.68
1986-03-22,1027.4
1986-03-23,1007.75
1986-03-24,995.47
1986-03-25,997.37
1986-03-26,1008.8
1986-03-27,1015.32
1986-03-28,1014.77
1986-03-29,1013.57
1986-03-30,1011.69
1986-03-31,1001.49
1986-04-01,1014.89
1986-04-02,1016.76
1986-04-03,1006.09
1986-04-04,1014.56
1986-04-05,1019.1
1986-04-06,1018.78
1986-04-07,1009.4
1986-04-08,1010.1
1986-04-09,1000.49
1986-04-10,1004.4
1986-04-11,1018.6
1986-04-12,1013.29
1986-04-13,1011.46
1986-04-14,1006.42
1986-04-15,1003.4
1986-04-16,1004.57
1986-04-17,1005.77
1986-04-18,1004.07
1986-04-19,1005.65
1986-04-20,1009.51
1986-04-21,1005.94
1986-04-22,1008.18
1986-04-23,1012.46
1986-04-24,1014.62
1986-04-25,1016.08
1986-04-26,1006.69
1986-04-27,1008.76
1986-04-28,1009.45
1986-04-29,1012.02
1986-04-30,1020.02
1986-05-01,1023.15
1986-05-02,1014.79
1986-05-03,1009.14
1986-05-04,1010.72
1986-05-05,1007.94
1986-05-06,1008.9
1986-05-07,1013.01
1986-05-08,1019.04
1986-05-09,1022.35
1986-05-10,1022.77
1986-05-11,1016.94
1986-05-12,1017.08
1986-05-13,1013.26
1986-05-14,1014.37
1986-05-15,1012.13
1986-05-16,1018.24
1986-05-17,1021.92
1986-05-18,1021.41
1986-05-19,1022.97
1986-05-20,1018.9
1986-05-21,1013.42
1986-05-22,1022.78
1986-05-23,1019.85
1986-05-24,1020.41
1986-05-25,1028.41
1986-05-26,1021.12
1986-05-27,1015.84
1986-05-28,1016.37
1986-05-29,1017.52
1986-05-30,1020.1
1986-05-31,1021.21
1986-06-01,1018.18
1986-06-02,1016.44
1986-06-03,1015.18
1986-06-04,1003.88
1986-06-05,1005.59
1986-06-06,1004.32
1986-06-07,1005.82
1986-06-08,1018.06
1986-06-09,1022.86
1986-06-10,1017.58
1986-06-11,1016.67
1986-06-12,1022.09
1986-06-13,1027.05
1986-06-14,1023.85
1986-06-15,1019.53
1986-06-16,1013.85
1986-06-17,1012.58
1986-06-18,1016.72
1986-06-19,1015.84
1986-06-20,1013.35
1986-06-21,1013.98
1986-06-22,1014.42
1986-06-23,1011.94
1986-06-24,1016.88
1986-06-25,1022.28
1986-06-26,1024.81
1986-06-27,1024.22
1986-06-28,1020.99
1986-06-29,1017.21
1986-06-30,1019.07
1986-07-01,1022.31
1986-07-02,1019.78
1986-07-03,1017.35
1986-07-04,1019.38
1986-07-05,1014.39
1986-07-06,1005.86
1986-07-07,1012.9
1986-07-08,1017.3
1986-07-09,1018.08
1986-07-10,1017.07
1986-07-11,1019.51
1986-07-12,1019.28
1986-07-13,1019.37
1986-07-14,1021.89
1986-07-15,1024.08
1986-07-16,1023.41
1986-07-17,1017.9
1986-07-18,1019.53
1986-07-19,1023.03
1986-07-20,1021.65
1986-07-21,1018.15
1986-07-22,1012.85
1986-07-23,1006.37
1986-07-24,1012.81
1986-07-25,1016.33
1986-07-26,1015.33
1986-07-27,1019.6
1986-07-28,1020.27
1986-07-29,1015.28
1986-07-30,1016.16
1986-07-31,1010.48
1986-08-01,1019.31
1986-08-02,1020.29
1986-08-03,1017.02
1986-08-04,1012.56
1986-08-05,1021.39
1986-08-06,1022.63
1986-08-07,1014.76
1986-08-08,1016.22
1986-08-09,1017.74
1986-08-10,1017.14
1986-08-11,1016.08
1986-08-12,1012.5
1986-08-13,1014.52
1986-08-14,1017.38
1986-08-15,1015.03
1986-08-16,1014.75
1986-08-17,1013.6
1986-08-18,1007.03
1986-08-19,1007.93
1986-08-20,1019.75
1986-08-21,1020.76
1986-08-22,1008.79
1986-08-23,1004.54
1986-08-24,1008.63
1986-08-25,1018.35
1986-08-26,1006.43
1986-08-27,1007.91
1986-08-28,1011.18
1986-08-29,1015.59
1986-08-30,1020.16
1986-08-31,1021.93
1986-09-01,1023.93
1986-09-02,1018.71
1986-09-03,1012.7
1986-09-04,1025.02
1986-09-05,1027.18
1986-09-06,1018.77
1986-09-07,1018.44
1986-09-08,1017.19
1986-09-09,1018.5
1986-09-10,1017.92
1986-09-11,1019.03
1986-09-12,1013.71
1986-09-13,1015.92
1986-09-14,1011.86
1986-09-15,1009.39
1986-09-16,1012.4
1986-09-17,1014.66
1986-09-18,1025.65
1986-09-19,1036.93
1986-09-20,1032.1
1986-09-21,1027.07
1986-09-22,1023.54
1986-09-23,1023.0
1986-09-24,1019.69
1986-09-25,1020.11
1986-09-26,1019.85
1986-09-27,1023.58
1986-09-28,1029.79
1986-09-29,1033.36
1986-09-30,1032.21
1986-10-01,1025.56
1986-10-02,1023.58
1986-10-03,1024.0
1986-10-04,1026.46
1986-10-05,1026.58
1986-10-06,1025.59
1986-10-07,1025.76
1986-10-08,1023.73
1986-10-09,1022.63
1986-10-10,1020.78
1986-10-11,1024.72
1986-10-12,1027.85
1986-10-13,1025.28
1986-10-14,1024.88
1986-10-15,1023.13
1986-10-16,1025.66
1986-10-17,1026.17
1986-10-18,1017.08
1986-10-19,1004.92
1986-10-20,999.2
1986-10-21,1011.11
1986-10-22,996.69
1986-10-23,1004.42
1986-10-24,1017.28
1986-10-25,1008.14
1986-10-26,1019.87
1986-10-27,1031.65
1986-10-28,1026.81
1986-10-29,1022.42
1986-10-30,1025.11
1986-10-31,1020.88
1986-11-01,1010.96
1986-11-02,1016.36
1986-11-03,1031.24
1986-11-04,1031.25
1986-11-05,1027.75
1986-11-06,1027.85
1986-11-07,1029.02
1986-11-08,1017.44
1986-11-09,1025.59
1986-11-10,1023.75
1986-11-11,1024.18
1986-11-12,1027.44
1986-11-13,1023.11
1986-11-14,1018.7
1986-11-15,1021.34
1986-11-16,1025.19
1986-11-17,1022.87
1986-11-18,1027.08
1986-11-19,1020.16
1986-11-20,1015.76
1986-11-21,1015.31
1986-11-22,1005.19
1986-11-23,1004.17
1986-11-24,1017.92
1986-11-25,1025.03
1986-11-26,1023.58
1986-11-27,1038.46
1986-11-28,1040.57
1986-11-29,1033.86
1986-11-30,1035.76
1986-12-01,1031.64
1986-12-02,1032.51
1986-12-03,1032.86
1986-12-04,1033.19
1986-12-05,1029.48
1986-12-06,1021.13
1986-12-07,1023.28
1986-12-08,1021.11
1986-12-09,1022.56
1986-12-10,1032.84
1986-12-11,1034.06
1986-12-12,1029.61
1986-12-13,1017.23
1986-12-14,1016.45
1986-12-15,1018.47
1986-12-16,1008.35
1986-12-17,1017.29
1986-12-18,1008.43
1986-12-19,996.39
1986-12-20,1006.98
1986-12-21,1005.51
1986-12-22,1012.28
1986-12-23,1018.13
1986-12-24,1030.12
1986-12-25,1029.22
1986-12-26,1011.23
1986-12-27,1012.61
1986-12-28,1016.0
1986-12-29,1011.97
1986-12-30,1011.23
1986-12-31,1007.18
1987-01-01,1010.99
1987-01-02,1003.47
1987-01-03,1021.51
1987-01-04,1027.73
1987-01-05,1010.26
1987-01-06,1004.62
1987-01-07,1023.69
1987-01-08,1027.99
1987-01-09,1014.72
1987-01-10,1008.95
1987-01-11,1019.53
1987-01-12,1018.77
1987-01-13,1014.1
1987-01-14,1011.13
1987-01-15,1007.21
1987-01-16,1023.41
1987-01-17,1034.24
1987-01-18,1032.6
1987-01-19,1030.0
1987-01-20,1035.12
1987-01-21,1038.4
1987-01-22,1037.56
1987-01-23,1030.83
1987-01-24,1033.85
1987-01-25,1028.27
1987-01-26,1011.33
1987-01-27,1011.48
1987-01-28,1005.28
1987-01-29,1015.29
1987-01-30,1026.31
1987-01-31,1026.95
1987-02-01,1029.12
1987-02-02,1023.6
1987-02-03,1024.7
1987-02-04,1028.04
1987-02-05,1027.46
1987-02-06,1021.8
1987-02-07,1018.86
1987-02-08,1022.41
1987-02-09,1016.13
1987-02-10,1005.06
1987-02-11,999.57
1987-02-12,1000.42
1987-02-13,1008.38
1987-02-14,1007.6
1987-02-15,1008.16
1987-02-16,1009.53
1987-02-17,1011.45
1987-02-18,1010.05
1987-02-19,1014.17
1987-02-20,1009.88
1987-02-21,1009.62
1987-02-22,1017.35
1987-02-23,1023.69
1987-02-24,1024.74
1987-02-25,1020.35
1987-02-26,1023.76
1987-02-27,1017.64
1987-02-28,1015.0
1987-03-01,1021.22
1987-03-02,1003.96
1987-03-03,1026.79
1987-03-04,1026.24
1987-03-05,1031.19
1987-03-06,1034.16
1987-03-07,1031.76
1987-03-08,1028.21
1987-03-09,1028.82
1987-03-10,1030.46
1987-03-11,1030.31
1987-03-12,1031.27
1987-03-13,1025.72
1987-03-14,1025.55
1987-03-15,1021.51
1987-03-16,1010.42
1987-03-17,1012.47
1987-03-18,1001.03
1987-03-19,1000.75
1987-03-20,1004.89
1987-03-21,1013.5
1987-03-22,1014.96
1987-03-23,1018.1
1987-03-24,1010.18
1987-03-25,1008.04
1987-03-26,1014.51
1987-03-27,1010.08
1987-03-28,998.38
1987-03-29,1007.02
1987-03-30,1025.32
1987-03-31,1027.48
1987-04-01,1016.44
1987-04-02,1003.88
1987-04-03,1003.05
1987-04-04,999.36
1987-04-05,1007.54
1987-04-06,1014.06
1987-04-07,1013.66
1987-04-08,1008.98
1987-04-09,1007.1
1987-04-10,1008.45
1987-04-11,1013.6
1987-04-12,1013.05
1987-04-13,1025.72
1987-04-14,1031.04
1987-04-15,1029.93
1987-04-16,1027.34
1987-04-17,1026.54
1987-04-18,1022.67
1987-04-19,1019.51
1987-04-20,1015.48
1987-04-21,1020.29
1987-04-22,1028.38
1987-04-23,1029.28
1987-04-24,1023.22
1987-04-25,1016.36
1987-04-26,1016.88
1987-04-27,1025.4
1987-04-28,1029.66
1987-04-29,1025.59
1987-04-30,1019.51
1987-05-01,1017.34
1987-05-02,1011.07
1987-05-03,1008.96
1987-05-04,1012.74
1987-05-05,1018.02
1987-05-06,1020.59
1987-05-07,1022.66
1987-05-08,1022.8
1987-05-09,1019.32
1987-05-10,1007.19
1987-05-11,1013.73
1987-05-12,1002.8
1987-05-13,1004.58
1987-05-14,1012.08
1987-05-15,1005.58
1987-05-16,1011.31
1987-05-17,1017.27
1987-05-18,1011.59
1987-05-19,1013.81
1987-05-20,1016.31
1987-05-21,1014.48
1987-05-22,1015.93
1987-05-23,1016.62
1987-05-24,1015.63
1987-05-25,1018.28
1987-05-26,1017.25
1987-05-27,1012.28
1987-05-28,1015.09
1987-05-29,1018.72
1987-05-30,1023.73
1987-05-31,1017.07
1987-06-01,1019.56
1987-06-02,1018.26
1987-06-03,1011.64
1987-06-04,1007.05
1987-06-05,1011.54
1987-06-06,1014.97
1987-06-07,1013.23
1987-06-08,1007.86
1987-06-09,1008.23
1987-06-10,1012.84
1987-06-11,1017.51
1987-06-12,1017.86
1987-06-13,1011.71
1987-06-14,1013.21
1987-06-15,1003.32
1987-06-16,1011.87
1987-06-17,1017.1
1987-06-18,1012.74
1987-06-19,1007.16
1987-06-20,1006.18
1987-06-21,1016.61
1987-06-22,1022.05
1987-06-23,1019.65
1987-06-24,1016.31
1987-06-25,1019.45
1987-06-26,1013.76
1987-06-27,1019.61
1987-06-28,1023.92
1987-06-29,1025.11
1987-06-30,1019.29
1987-07-01,1016.02
1987-07-02,1021.15
1987-07-03,1020.29
1987-07-04,1021.25
1987-07-05,1023.84
1987-07-06,1021.12
1987-07-07,1016.25
1987-07-08,1013.86
1987-07-09,1018.23
1987-07-10,1022.62
1987-07-11,1017.9
1987-07-12,1013.34
1987-07-13,1018.92
1987-07-14,1018.51
1987-07-15,1014.61
1987-07-16,1010.56
1987-07-17,1000.96
1987-07-18,1007.89
1987-07-19,1012.02
1987-07-20,1011.09
1987-07-21,1012.11
1987-07-22,1016.8
1987-07-23,1017.33
1987-07-24,1016.14
1987-07-25,1014.39
1987-07-26,1016.25
1987-07-27,1012.21
1987-07-28,1016.68
1987-07-29,1014.94
1987-07-30,1010.12
1987-07-31,1015.96
1987-08-01,1011.71
1987-08-02,1011.62
1987-08-03,1012.45
1987-08-04,1014.12
1987-08-05,1016.89
1987-08-06,1015.25
1987-08-07,1013.18
1987-08-08,1016.49
1987-08-09,1014.86
1987-08-10,1016.88
1987-08-11,1019.76
1987-08-12,1018.03
1987-08-13,1017.92
1987-08-14,1011.79
1987-08-15,1015.17
1987-08-16,1021.06
1987-08-17,1014.55
1987-08-18,1012.79
1987-08-19,1018.54
1987-08-20,1021.93
1987-08-21,1019.05
1987-08-22,1013.26
1987-08-23,1011.22
1987-08-24,1008.58
1987-08-25,1007.44
1987-08-26,1011.36
1987-08-27,1013.51
1987-08-28,1020.98
1987-08-29,1022.94
1987-08-30,1021.54
1987-08-31,1019.84
1987-09-01,1016.02
1987-09-02,1016.48
1987-09-03,1017.53
1987-09-04,1016.03
1987-09-05,1014.08
1987-09-06,1019.16
1987-09-07,1017.98
1987-09-08,1019.33
1987-09-09,1020.57
1987-09-10,1017.84
1987-09-11,1019.34
1987-09-12,1014.73
1987-09-13,1016.28
1987-09-14,1016.49
1987-09-15,1024.05
1987-09-16,1024.27
1987-09-17,1022.13
1987-09-18,1021.92
1987-09-19,1021.19
1987-09-20,1013.91
1987-09-21,1016.91
1987-09-22,1015.66
1987-09-23,1011.93
1987-09-24,1008.62
1987-09-25,1009.56
1987-09-26,1006.21
1987-09-27,1017.15
1987-09-28,1024.79
1987-09-29,1026.14
1987-09-30,1028.29
1987-10-01,1029.13
1987-10-02,1030.18
1987-10-03,1027.77
1987-10-04,1021.76
1987-10-05,1012.05
1987-10-06,1006.18
1987-10-07,1011.16
1987-10-08,1003.08
1987-10-09,1016.58
1987-10-10,1004.92
1987-10-11,1003.89
1987-10-12,1003.67
1987-10-13,1009.95
1987-10-14,1010.88
1987-10-15,1002.48
1987-10-16,1007.64
1987-10-17,1021.71
1987-10-18,1025.76
1987-10-19,1022.03
1987-10-20,1019.44
1987-10-21,1018.36
1987-10-22,1020.02
1987-10-23,1019.52
1987-10-24,1023.21
1987-10-25,1029.59
1987-10-26,1028.86
1987-10-27,1024.92
1987-10-28,1022.29
1987-10-29,1021.62
1987-10-30,1021.41
1987-10-31,1022.31
1987-11-01,1020.56
1987-11-02,1023.55
1987-11-03,1032.32
1987-11-04,1038.1
1987-11-05,1038.09
1987-11-06,1035.27
1987-11-07,1028.16
1987-11-08,1020.67
1987-11-09,1014.71
1987-11-10,1011.27
1987-11-11,1013.42
1987-11-12,1001.54
1987-11-13,997.98
1987-11-14,1006.06
1987-11-15,1017.9
1987-11-16,1012.86
1987-11-17,1023.34
1987-11-18,1032.25
1987-11-19,1026.92
1987-11-20,1013.74
1987-11-21,1015.27
1987-11-22,1008.38
1987-11-23,999.49
1987-11-24,998.41
1987-11-25,992.88
1987-11-26,1004.32
1987-11-27,1013.02
1987-11-28,1020.49
1987-11-29,1025.51
1987-11-30,1028.42
1987-12-01,1030.64
1987-12-02,1033.38
1987-12-03,1031.32
1987-12-04,1023.47
1987-12-05,1017.19
1987-12-06,1008.85
1987-12-07,1018.14
1987-12-08,1025.33
1987-12-09,1023.05
1987-12-10,1023.51
1987-12-11,1016.21
1987-12-12,1020.74
1987-12-13,1019.09
1987-12-14,1010.07
1987-12-15,1013.29
1987-12-16,1011.78
1987-12-17,1013.97
1987-12-18,1011.99
1987-12-19,1016.43
1987-12-20,1024.52
1987-12-21,1028.65
1987-12-22,1030.55
1987-12-23,1034.33
1987-12-24,1028.99
1987-12-25,1025.69
1987-12-26,1032.05
1987-12-27,1031.72
1987-12-28,1030.48
1987-12-29,1031.75
1987-12-30,1025.33
1987-12-31,1013.37
1988-01-01,1012.92
1988-01-02,1002.35
1988-01-03,997.42
1988-01-04,1002.34
1988-01-05,1008.75
1988-01-06,1005.7
1988-01-07,1011.82
1988-01-08,1027.13
1988-01-09,1032.62
1988-01-10,1029.09
1988-01-11,1022.34
1988-01-12,1026.24
1988-01-13,1021.64
1988-01-14,1019.67
1988-01-15,1019.68
1988-01-16,1025.71
1988-01-17,1024.6
1988-01-18,1025.35
1988-01-19,1019.09
1988-01-20,1015.33
1988-01-21,1015.09
1988-01-22,1007.5
1988-01-23,1015.4
1988-01-24,1006.01
1988-01-25,995.67
1988-01-26,1000.98
1988-01-27,1013.05
1988-01-28,1006.56
1988-01-29,990.77
1988-01-30,991.22
1988-01-31,1004.51
1988-02-01,1007.25
1988-02-02,1004.39
1988-02-03,1011.05
1988-02-04,1007.98
1988-02-05,1005.82
1988-02-06,1002.24
1988-02-07,1010.68
1988-02-08,999.02
1988-02-09,1003.68
1988-02-10,1005.65
1988-02-11,1006.51
1988-02-12,1006.69
1988-02-13,1030.16
1988-02-14,1035.59
1988-02-15,1030.79
1988-02-16,1023.66
1988-02-17,1020.02
1988-02-18,1021.5
1988-02-19,1018.61
1988-02-20,1026.32
1988-02-21,1033.09
1988-02-22,1027.64
1988-02-23,1009.31
1988-02-24,1003.07
1988-02-25,1006.75
1988-02-26,1012.26
1988-02-27,1017.53
1988-02-28,1007.32
1988-02-29,994.75
1988-03-01,996.14
1988-03-02,1013.09
1988-03-03,1012.16
1988-03-04,1004.74
1988-03-05,1007.7
1988-03-06,1013.67
1988-03-07,1005.5
1988-03-08,1018.84
1988-03-09,1028.49
1988-03-10,1028.28
1988-03-11,1022.16
1988-03-12,1010.02
1988-03-13,1011.49
1988-03-14,1008.0
1988-03-15,1009.88
1988-03-16,992.06
1988-03-17,1003.99
1988-03-18,1013.18
1988-03-19,1024.03
1988-03-20,1013.38
1988-03-21,1009.12
1988-03-22,1012.68
1988-03-23,1013.37
1988-03-24,1015.48
1988-03-25,1003.27
1988-03-26,1008.61
1988-03-27,1011.85
1988-03-28,1019.73
1988-03-29,1014.2
1988-03-30,1003.3
1988-03-31,1002.67
1988-04-01,1012.01
1988-04-02,1018.35
1988-04-03,1021.82
1988-04-04,1019.32
1988-04-05,1018.82
1988-04-06,1016.35
1988-04-07,1009.8
1988-04-08,1008.41
1988-04-09,1015.55
1988-04-10,1022.89
1988-04-11,1021.28
1988-04-12,1012.82
1988-04-13,1016.01
1988-04-14,1029.78
1988-04-15,1020.31
1988-04-16,1013.13
1988-04-17,1010.44
1988-04-18,1014.83
1988-04-19,1010.78
1988-04-20,1009.58
1988-04-21,1018.48
1988-04-22,1016.06
1988-04-23,1017.97
1988-04-24,1018.83
1988-04-25,1013.98
1988-04-26,1017.12
1988-04-27,1017.12
1988-04-28,1014.19
1988-04-29,1013.91
1988-04-30,1009.97
1988-05-01,1007.52
1988-05-02,1007.11
1988-05-03,1008.12
1988-05-04,1011.19
1988-05-05,1014.02
1988-05-06,1021.17
1988-05-07,1021.31
1988-05-08,1018.44
1988-05-09,1016.81
1988-05-10,1014.02
1988-05-11,1014.65
1988-05-12,1008.93
1988-05-13,1008.13
1988-05-14,1010.58
1988-05-15,1010.31
1988-05-16,1009.66
1988-05-17,1006.18
1988-05-18,1008.48
1988-05-19,1012.68
1988-05-20,1017.68
1988-05-21,1028.62
1988-05-22,1026.24
1988-05-23,1020.18
1988-05-24,1018.44
1988-05-25,1017.12
1988-05-26,1012.49
1988-05-27,1006.4
1988-05-28,1005.04
1988-05-29,1006.75
1988-05-30,1009.99
1988-05-31,1012.83
1988-06-01,1013.22
1988-06-02,1017.88
1988-06-03,1012.51
1988-06-04,1008.19
1988-06-05,1013.86
1988-06-06,1011.86
1988-06-07,1012.75
1988-06-08,1014.18
1988-06-09,1015.82
1988-06-10,1015.25
1988-06-11,1009.38
1988-06-12,1013.78
1988-06-13,1016.0
1988-06-14,1013.59
1988-06-15,1012.63
1988-06-16,1012.56
1988-06-17,1013.66
1988-06-18,1015.31
1988-06-19,1018.05
1988-06-20,1020.61
1988-06-21,1019.04
1988-06-22,1019.61
1988-06-23,1023.26
1988-06-24,1018.39
1988-06-25,1015.67
1988-06-26,1013.14
1988-06-27,1011.29
1988-06-28,1009.83
1988-06-29,1010.71
1988-06-30,1012.69
1988-07-01,1002.78
1988-07-02,1005.14
1988-07-03,1004.49
1988-07-04,1009.22
1988-07-05,1004.11
1988-07-06,1017.71
1988-07-07,1017.65
1988-07-08,1018.46
1988-07-09,1019.07
1988-07-10,1022.64
1988-07-11,1017.05
1988-07-12,1017.91
1988-07-13,1012.81
1988-07-14,1011.88
1988-07-15,1014.5
1988-07-16,1015.94
1988-07-17,1014.81
1988-07-18,1015.67
1988-07-19,1018.14
1988-07-20,1017.0
1988-07-21,1017.24
1988-07-22,1016.65
1988-07-23,1014.17
1988-07-24,1014.19
1988-07-25,1023.46
1988-07-26,1018.65
1988-07-27,1019.19
1988-07-28,1021.41
1988-07-29,1011.72
1988-07-30,1020.67
1988-07-31,1021.63
1988-08-01,1017.93
1988-08-02,1013.2
1988-08-03,1012.03
1988-08-04,1017.92
1988-08-05,1018.67
1988-08-06,1022.31
1988-08-07,1019.43
1988-08-08,1014.36
1988-08-09,1014.42
1988-08-10,1014.44
1988-08-11,1012.32
1988-08-12,1012.82
1988-08-13,1016.56
1988-08-14,1015.94
1988-08-15,1013.91
1988-08-16,1016.42
1988-08-17,1020.82
1988-08-18,1018.96
1988-08-19,1010.18
1988-08-20,1008.67
1988-08-21,1011.44
1988-08-22,1015.55
1988-08-23,1018.34
1988-08-24,1010.48
1988-08-25,1004.31
1988-08-26,1012.53
1988-08-27,1017.33
1988-08-28,1011.76
1988-08-29,1009.01
1988-08-30,1017.73
1988-08-31,1015.9
1988-09-01,1006.92
1988-09-02,1000.83
1988-09-03,1008.81
1988-09-04,1015.86
1988-09-05,1020.56
1988-09-06,1025.25
1988-09-07,1029.63
1988-09-08,1025.35
1988-09-09,1019.82
1988-09-10,1022.19
1988-09-11,1020.96
1988-09-12,1016.27
1988-09-13,1009.62
1988-09-14,1012.38
1988-09-15,1021.13
1988-09-16,1020.2
1988-09-17,1020.87
1988-09-18,1024.65
1988-09-19,1031.08
1988-09-20,1028.07
1988-09-21,1020.11
1988-09-22,1013.07
1988-09-23,1009.59
1988-09-24,1015.09
1988-09-25,1020.8
1988-09-26,1022.99
1988-09-27,1022.73
1988-09-28,1013.75
1988-09-29,1017.46
1988-09-30,1025.3
1988-10-01,1031.21
1988-10-02,1029.77
1988-10-03,1023.85
1988-10-04,1018.73
1988-10-05,1011.01
1988-10-06,1007.34
1988-10-07,1000.24
1988-10-08,1009.16
1988-10-09,1007.77
1988-10-10,1014.51
1988-10-11,1015.19
1988-10-12,1009.34
1988-10-13,1016.77
1988-10-14,1016.63
1988-10-15,1024.62
1988-10-16,1025.2
1988-10-17,1021.45
1988-10-18,1015.89
1988-10-19,1010.99
1988-10-20,1015.45
1988-10-21,1024.54
1988-10-22,1024.43
1988-10-23,1019.24
1988-10-24,1020.34
1988-10-25,1024.31
1988-10-26,1024.2
1988-10-27,1018.13
1988-10-28,1021.08
1988-10-29,1025.54
1988-10-30,1028.09
1988-10-31,1025.64
1988-11-01,1024.14
1988-11-02,1019.38
1988-11-03,1032.61
1988-11-04,1036.23
1988-11-05,1028.15
1988-11-06,1024.21
1988-11-07,1025.85
1988-11-08,1025.33
1988-11-09,1023.73
1988-11-10,1025.55
1988-11-11,1027.82
1988-11-12,1027.3
1988-11-13,1021.22
1988-11-14,1026.86
1988-11-15,1028.11
1988-11-16,1030.21
1988-11-17,1025.81
1988-11-18,1015.14
1988-11-19,1020.68
1988-11-20,1007.95
1988-11-21,1015.04
1988-11-22,1027.78
1988-11-23,1029.06
1988-11-24,1027.72
1988-11-25,1023.21
1988-11-26,1021.68
1988-11-27,1025.88
1988-11-28,1021.42
1988-11-29,1008.94
1988-11-30,1003.65
1988-12-01,1001.04
1988-12-02,1001.38
1988-12-03,1009.95
1988-12-04,1002.7
1988-12-05,1004.57
1988-12-06,1007.23
1988-12-07,1020.02
1988-12-08,1030.7
1988-12-09,1027.08
1988-12-10,1022.87
1988-12-11,1027.47
1988-12-12,1021.09
1988-12-13,1029.6
1988-12-14,1028.6
1988-12-15,1029.21
1988-12-16,1029.87
1988-12-17,1027.84
1988-12-18,1028.21
1988-12-19,1007.81
1988-12-20,1018.31
1988-12-21,1029.23
1988-12-22,1026.44
1988-12-23,1018.02
1988-12-24,1015.1
1988-12-25,1029.71
1988-12-26,1029.9
1988-12-27,1028.73
1988-12-28,1034.5
1988-12-29,1038.55
1988-12-30,1037.92
1988-12-31,1038.47
1989-01-01,1037.87
1989-01-02,1037.98
1989-01-03,1038.35
1989-01-04,1036.5
1989-01-05,1029.6
1989-01-06,1012.83
1989-01-07,1019.15
1989-01-08,1021.26
1989-01-09,1021.11
1989-01-10,1020.58
1989-01-11,1027.42
1989-01-12,1025.57
1989-01-13,1034.47
1989-01-14,1034.05
1989-01-15,1036.53
1989-01-17,1034.53
1989-01-18,1038.0
1989-01-19,1037.75
1989-01-20,1033.42
1989-01-21,1026.25
1989-01-22,1027.34
1989-01-23,1037.53
1989-01-24,1036.12
1989-01-25,1034.42
1989-01-26,1034.85
1989-01-27,1040.78
1989-01-28,1040.67
1989-01-29,1044.84
1989-01-30,1044.81
1989-01-31,1045.28
1989-02-01,1039.38
1989-02-02,1037.13
1989-02-03,1036.37
1989-02-04,1034.11
1989-02-05,1031.22
1989-02-06,1035.32
1989-02-07,1035.46
1989-02-08,1033.07
1989-02-09,1027.68
1989-02-10,1031.59
1989-02-11,1041.27
1989-02-12,1037.58
1989-02-13,1034.06
1989-02-14,1021.69
1989-02-15,1021.71
1989-02-16,1017.66
1989-02-17,1023.16
1989-02-18,1020.17
1989-02-19,1024.22
1989-02-20,1022.51
1989-02-21,1024.67
1989-02-22,1018.67
1989-02-23,1008.23
1989-02-24,993.35
1989-02-25,976.86
1989-02-26,969.78
1989-02-27,982.13
1989-02-28,990.36
1989-03-01,999.03
1989-03-02,1009.43
1989-03-03,1002.41
1989-03-04,1019.72
1989-03-05,1024.26
1989-03-06,1022.75
1989-03-07,1017.81
1989-03-08,1015.83
1989-03-09,1025.34
1989-03-10,1025.13
1989-03-11,1024.71
1989-03-12,1020.62
1989-03-13,1011.74
1989-03-14,1020.11
1989-03-15,1003.52
1989-03-16,999.24
1989-03-17,1003.2
1989-03-18,1020.18
1989-03-19,1022.38
1989-03-20,1010.58
1989-03-21,1009.52
1989-03-22,1014.65
1989-03-23,1020.15
1989-03-24,1015.66
1989-03-25,1016.81
1989-03-26,1025.28
1989-03-27,1021.32
1989-03-28,1017.17
1989-03-29,1021.67
1989-03-30,1021.13
1989-03-31,1017.45
1989-04-01,1010.61
1989-04-02,1009.18
1989-04-03,1008.5
1989-04-04,1001.26
1989-04-05,993.95
1989-04-06,1006.25
1989-04-07,1012.74
1989-04-08,1013.51
1989-04-09,1016.34
1989-04-10,1008.72
1989-04-11,1009.63
1989-04-12,997.72
1989-04-13,995.45
1989-04-14,1001.81
1989-04-15,1013.24
1989-04-16,1006.55
1989-04-17,1003.38
1989-04-18,1013.01
1989-04-19,1012.58
1989-04-20,1014.59
1989-04-21,1011.55
1989-04-22,1009.58
1989-04-23,1017.22
1989-04-24,1013.06
1989-04-25,1005.38
1989-04-26,997.29
1989-04-27,1011.91
1989-04-28,1013.77
1989-04-29,1020.45
1989-04-30,1023.58
1989-05-01,1023.88
1989-05-02,1024.16
1989-05-03,1023.24
1989-05-04,1025.57
1989-05-05,1025.75
1989-05-06,1020.37
1989-05-07,1024.81
1989-05-08,1021.72
1989-05-09,1013.41
1989-05-10,1009.84
1989-05-11,1008.26
1989-05-12,1005.15
1989-05-13,1011.59
1989-05-14,1022.25
1989-05-15,1031.41
1989-05-16,1028.44
1989-05-17,1025.82
1989-05-18,1022.78
1989-05-19,1021.32
1989-05-20,1020.59
1989-05-21,1021.3
1989-05-22,1023.24
1989-05-23,1023.47
1989-05-24,1022.68
1989-05-25,1021.13
1989-05-26,1020.37
1989-05-27,1019.42
1989-05-28,1018.52
1989-05-29,1015.07
1989-05-30,1009.93
1989-05-31,1012.67
1989-06-01,1009.89
1989-06-02,1009.81
1989-06-03,1009.67
1989-06-04,1010.39
1989-06-05,1011.81
1989-06-06,1012.52
1989-06-07,1011.79
1989-06-08,1017.3
1989-06-09,1019.54
1989-06-10,1016.23
1989-06-11,1021.36
1989-06-12,1023.95
1989-06-13,1023.03
1989-06-14,1022.63
1989-06-15,1022.92
1989-06-16,1024.61
1989-06-17,1022.97
1989-06-18,1021.92
1989-06-19,1023.72
1989-06-20,1021.64
1989-06-21,1015.35
1989-06-22,1013.24
1989-06-23,1014.44
1989-06-24,1016.53
1989-06-25,1016.58
1989-06-26,1013.37
1989-06-27,1009.55
1989-06-28,1015.25
1989-06-29,1015.93
1989-06-30,1015.96
1989-07-01,1012.61
1989-07-02,1011.38
1989-07-03,1020.38
1989-07-04,1018.68
1989-07-05,1021.22
1989-07-06,1021.46
1989-07-07,1016.33
1989-07-08,1014.83
1989-07-09,1015.48
1989-07-10,1019.62
1989-07-11,1019.83
1989-07-12,1019.7
1989-07-13,1016.69
1989-07-14,1017.03
1989-07-15,1021.32
1989-07-16,1020.02
1989-07-17,1023.33
1989-07-18,1015.28
1989-07-19,1022.09
1989-07-20,1022.61
1989-07-21,1022.22
1989-07-22,1019.99
1989-07-23,1018.08
1989-07-24,1018.75
1989-07-25,1018.78
1989-07-26,1018.95
1989-07-27,1018.58
1989-07-28,1021.83
1989-07-29,1021.75
1989-07-30,1011.48
1989-07-31,1009.8
1989-08-01,1008.52
1989-08-02,1012.78
1989-08-03,1014.32
1989-08-04,1012.54
1989-08-05,1011.8
1989-08-06,1009.38
1989-08-07,1010.99
1989-08-08,1013.55
1989-08-09,1016.41
1989-08-10,1014.1
1989-08-11,1009.57
1989-08-12,1010.1
1989-08-13,1012.95
1989-08-14,1012.92
1989-08-15,1015.61
1989-08-16,1013.72
1989-08-17,1019.37
1989-08-18,1023.72
1989-08-19,1021.53
1989-08-20,1017.41
1989-08-21,1018.7
1989-08-22,1019.47
1989-08-23,1022.09
1989-08-24,1019.57
1989-08-25,1012.1
1989-08-26,1011.98
1989-08-27,1004.02
1989-08-28,1010.11
1989-08-29,1018.28
1989-08-30,1019.22
1989-08-31,1017.46
1989-09-01,1015.96
1989-09-02,1017.55
1989-09-03,1019.35
1989-09-04,1021.5
1989-09-05,1025.45
1989-09-06,1026.77
1989-09-07,1023.73
1989-09-08,1015.84
1989-09-09,1009.09
1989-09-10,1013.06
1989-09-11,1016.01
1989-09-12,1018.09
1989-09-13,1015.34
1989-09-14,1014.02
1989-09-15,1010.72
1989-09-16,1015.47
1989-09-17,1016.21
1989-09-18,1019.81
1989-09-19,1017.73
1989-09-20,1026.72
1989-09-21,1022.0
1989-09-22,1016.18
1989-09-23,1016.71
1989-09-24,1022.03
1989-09-25,1021.05
1989-09-26,1019.97
1989-09-27,1017.28
1989-09-28,1023.44
1989-09-29,1025.29
1989-09-30,1024.58
1989-10-01,1024.79
1989-10-02,1021.39
1989-10-03,1022.16
1989-10-04,1027.99
1989-10-05,1027.08
1989-10-06,1020.92
1989-10-07,1009.1
1989-10-08,1008.11
1989-10-09,1014.28
1989-10-10,1015.96
1989-10-11,1017.4
1989-10-12,1022.04
1989-10-13,1017.74
1989-10-14,1013.38
1989-10-15,1022.98
1989-10-16,1030.18
1989-10-17,1030.52
1989-10-18,1024.39
1989-10-19,1017.59
1989-10-20,1015.09
1989-10-21,1019.57
1989-10-22,1022.71
1989-10-23,1021.13
1989-10-24,1023.41
1989-10-25,1023.81
1989-10-26,1021.59
1989-10-27,1017.06
1989-10-28,1011.82
1989-10-29,1014.72
1989-10-30,1013.74
1989-10-31,1020.11
1989-11-01,1019.6
1989-11-02,1017.43
1989-11-03,1011.63
1989-11-04,1007.51
1989-11-05,1000.64
1989-11-06,1002.46
1989-11-07,1012.98
1989-11-08,1016.39
1989-11-09,1021.99
1989-11-10,1027.18
1989-11-11,1028.51
1989-11-12,1029.2
1989-11-13,1032.65
1989-11-14,1031.69
1989-11-15,1026.42
1989-11-16,1026.84
1989-11-17,1023.4
1989-11-18,1020.81
1989-11-19,1019.21
1989-11-20,1019.06
1989-11-21,1015.22
1989-11-22,1004.48
1989-11-23,1014.73
1989-11-24,1009.33
1989-11-25,1020.64
1989-11-26,1020.32
1989-11-27,1017.49
1989-11-28,1023.15
1989-11-29,1031.75
1989-11-30,1033.02
1989-12-01,1040.37
1989-12-02,1043.03
1989-12-03,1038.56
1989-12-04,1032.89
1989-12-05,1029.19
1989-12-06,1025.23
1989-12-07,1021.78
1989-12-08,1022.22
1989-12-09,1018.41
1989-12-10,1023.67
1989-12-11,1017.93
1989-12-12,1009.45
1989-12-13,997.8
1989-12-14,998.37
1989-12-15,994.78
1989-12-16,994.88
1989-12-17,993.66
1989-12-18,1000.17
1989-12-19,1004.32
1989-12-20,1012.37
1989-12-21,1011.33
1989-12-22,1003.11
1989-12-23,1020.25
1989-12-24,1021.22
1989-12-25,1019.65
1989-12-26,1019.28
1989-12-27,1017.41
1989-12-28,1020.22
1989-12-29,1024.24
1989-12-30,1024.97
1989-12-31,1023.22
1990-01-01,1022.0
1990-01-02,1022.92
1990-01-03,1025.03
1990-01-04,1027.63
1990-01-05,1026.88
1990-01-06,1031.24
1990-01-07,1035.02
1990-01-08,1038.83
1990-01-09,1039.02
1990-01-10,1035.78
1990-01-11,1034.19
1990-01-12,1033.03
1990-01-13,1031.98
1990-01-14,1027.67
1990-01-15,1028.79
1990-01-16,1026.63
1990-01-17,1022.54
1990-01-18,1027.28
1990-01-19,1030.54
1990-01-20,1029.65
1990-01-21,1033.72
1990-01-22,1033.6
1990-01-23,1024.77
1990-01-24,1009.05
1990-01-25,1004.11
1990-01-26,1002.8
1990-01-27,1010.4
1990-01-28,1003.4
1990-01-29,1011.84
1990-01-30,1009.32
1990-01-31,1010.44
1990-02-01,1012.82
1990-02-02,1012.82
1990-02-03,1016.87
1990-02-04,1030.75
1990-02-05,1030.78
1990-02-06,1022.26
1990-02-07,1020.44
1990-02-08,1013.72
1990-02-09,1029.93
1990-02-10,1020.38
1990-02-11,1005.75
1990-02-12,991.02
1990-02-13,997.82
1990-02-14,989.67
1990-02-15,991.4
1990-02-16,1010.11
1990-02-17,1019.04
1990-02-18,1017.23
1990-02-19,1021.08
1990-02-20,1028.15
1990-02-21,1031.02
1990-02-22,1040.95
1990-02-23,1035.88
1990-02-24,1028.55
1990-02-25,1015.57
1990-02-26,997.85
1990-02-27,990.49
1990-02-28,1000.19
1990-03-01,1003.25
1990-03-02,1020.85
1990-03-03,1040.21
1990-03-04,1040.23
1990-03-05,1032.23
1990-03-06,1020.74
1990-03-07,1023.9
1990-03-08,1021.79
1990-03-09,1020.26
1990-03-10,1029.27
1990-03-11,1028.36
1990-03-12,1023.27
1990-03-13,1027.75
1990-03-14,1030.85
1990-03-15,1037.35
1990-03-16,1037.27
1990-03-17,1034.7
1990-03-18,1034.13
1990-03-19,1033.62
1990-03-20,1027.13
1990-03-21,1020.59
1990-03-22,1017.98
1990-03-23,1024.45
1990-03-24,1019.46
1990-03-25,1018.81
1990-03-26,1020.88
1990-03-27,1020.29
1990-03-28,1017.7
1990-03-29,1026.72
1990-03-30,1033.02
1990-03-31,1035.2
1990-04-01,1025.52
1990-04-02,1010.81
1990-04-03,1001.06
1990-04-04,1014.53
1990-04-05,1019.12
1990-04-06,1013.25
1990-04-07,1009.3
1990-04-08,1017.37
1990-04-09,1014.66
1990-04-10,1011.15
1990-04-11,1006.71
1990-04-12,1017.26
1990-04-13,1016.2
1990-04-14,1011.91
1990-04-15,1007.01
1990-04-16,1017.62
1990-04-17,1017.57
1990-04-18,1018.15
1990-04-19,1012.58
1990-04-20,1007.19
1990-04-21,1006.59
1990-04-22,1008.44
1990-04-23,1006.52
1990-04-24,1009.75
1990-04-25,1014.71
1990-04-26,1018.19
1990-04-27,1018.38
1990-04-28,1028.0
1990-04-29,1028.61
1990-04-30,1027.56
1990-05-01,1029.44
1990-05-02,1031.91
1990-05-03,1030.51
1990-05-04,1025.36
1990-05-05,1020.87
1990-05-06,1017.85
1990-05-07,1015.3
1990-05-08,1016.66
1990-05-09,1015.54
1990-05-10,1014.5
1990-05-11,1012.12
1990-05-12,1011.24
1990-05-13,1012.7
1990-05-14,1016.5
1990-05-15,1018.95
1990-05-16,1018.42
1990-05-17,1016.83
1990-05-18,1019.54
1990-05-19,1021.71
1990-05-20,1019.97
1990-05-21,1014.01
1990-05-22,1014.32
1990-05-23,1015.14
1990-05-24,1012.88
1990-05-25,1017.82
1990-05-26,1025.05
1990-05-27,1024.72
1990-05-28,1025.62
1990-05-29,1026.72
1990-05-30,1022.09
1990-05-31,1021.25
1990-06-01,1018.28
1990-06-02,1008.48
1990-06-03,1010.76
1990-06-04,1006.02
1990-06-05,1012.58
1990-06-06,1012.61
1990-06-07,1010.57
1990-06-08,1005.48
1990-06-09,1010.47
1990-06-10,1012.06
1990-06-11,1016.82
1990-06-12,1015.05
1990-06-13,1015.88
1990-06-14,1017.46
1990-06-15,1017.38
1990-06-16,1018.42
1990-06-17,1015.33
1990-06-18,1012.85
1990-06-19,1015.15
1990-06-20,1013.83
1990-06-21,1012.39
1990-06-22,1009.16
1990-06-23,1016.24
1990-06-24,1021.96
1990-06-25,1023.87
1990-06-26,1020.91
1990-06-27,1013.54
1990-06-28,1015.55
1990-06-29,1017.64
1990-06-30,1014.93
1990-07-01,1013.49
1990-07-02,1014.53
1990-07-03,1011.4
1990-07-04,1015.78
1990-07-05,1005.23
1990-07-06,1014.5
1990-07-07,1022.09
1990-07-08,1017.51
1990-07-09,1013.78
1990-07-10,1017.74
1990-07-11,1028.98
1990-07-12,1025.86
1990-07-13,1018.73
1990-07-14,1020.03
1990-07-15,1020.65
1990-07-16,1019.9
1990-07-17,1019.99
1990-07-18,1023.34
1990-07-19,1021.82
1990-07-20,1021.9
1990-07-21,1022.02
1990-07-22,1021.32
1990-07-23,1020.91
1990-07-24,1021.38
1990-07-25,1019.52
1990-07-26,1016.65
1990-07-27,1016.52
1990-07-28,1017.59
1990-07-29,1018.16
1990-07-30,1022.17
1990-07-31,1022.43
1990-08-01,1024.04
1990-08-02,1024.12
1990-08-03,1024.23
1990-08-04,1022.09
1990-08-05,1015.07
1990-08-06,1013.56
1990-08-07,1020.48
1990-08-08,1024.08
1990-08-09,1023.59
1990-08-10,1021.58
1990-08-11,1020.78
1990-08-12,1016.33
1990-08-13,1014.55
1990-08-14,1014.64
1990-08-15,1014.44
1990-08-16,1013.12
1990-08-17,1019.78
1990-08-18,1020.74
1990-08-19,1019.66
1990-08-20,1011.81
1990-08-21,1015.5
1990-08-22,1024.06
1990-08-23,1026.82
1990-08-24,1022.33
1990-08-25,1015.37
1990-08-26,1016.87
1990-08-27,1017.29
1990-08-28,1017.61
1990-08-29,1016.77
1990-08-30,1013.98
1990-08-31,1011.78
1990-09-01,1017.96
1990-09-02,1021.14
1990-09-03,1017.33
1990-09-04,1011.33
1990-09-05,1012.37
1990-09-06,1014.01
1990-09-07,1010.7
1990-09-08,1017.61
1990-09-09,1025.28
1990-09-10,1022.11
1990-09-11,1021.45
1990-09-12,1025.52
1990-09-13,1024.7
1990-09-14,1025.27
1990-09-15,1024.84
1990-09-16,1025.44
1990-09-17,1018.91
1990-09-18,1019.64
1990-09-19,1012.65
1990-09-20,1011.64
1990-09-21,999.94
1990-09-22,1003.43
1990-09-23,1006.13
1990-09-24,1007.45
1990-09-25,1012.1
1990-09-26,1022.02
1990-09-27,1027.18
1990-09-28,1028.64
1990-09-29,1021.22
1990-09-30,1011.08
1990-10-01,1012.25
1990-10-02,1023.08
1990-10-03,1016.42
1990-10-04,1016.25
1990-10-05,1025.86
1990-10-06,1015.75
1990-10-07,1008.38
1990-10-08,1021.45
1990-10-09,1028.08
1990-10-10,1025.62
1990-10-11,1023.38
1990-10-12,1022.63
1990-10-13,1020.28
1990-10-14,1023.48
1990-10-15,1015.19
1990-10-16,1017.52
1990-10-17,1012.15
1990-10-18,1012.32
1990-10-19,1012.79
1990-10-20,1014.92
1990-10-21,1022.88
1990-10-22,1027.88
1990-10-23,1019.17
1990-10-24,1017.22
1990-10-25,1013.86
1990-10-26,1008.85
1990-10-27,1009.17
1990-10-28,999.02
1990-10-29,987.01
1990-10-30,994.66
1990-10-31,1000.55
1990-11-01,1003.42
1990-11-02,1003.08
1990-11-03,1004.6
1990-11-04,1008.25
1990-11-05,1018.03
1990-11-06,1029.76
1990-11-07,1031.98
1990-11-08,1029.58
1990-11-09,1027.55
1990-11-10,1024.52
1990-11-11,1022.53
1990-11-12,1027.42
1990-11-13,1026.06
1990-11-14,1016.7
1990-11-15,1016.57
1990-11-16,1026.68
1990-11-17,1013.72
1990-11-18,1007.83
1990-11-19,1006.83
1990-11-20,996.58
1990-11-21,1006.1
1990-11-22,1012.88
1990-11-23,1006.72
1990-11-24,1003.46
1990-11-25,995.4
1990-11-26,1002.9
1990-11-27,1008.98
1990-11-28,1015.83
1990-11-29,1017.47
1990-11-30,1018.75
1990-12-01,1031.19
1990-12-02,1031.75
1990-12-03,1029.45
1990-12-04,1022.47
1990-12-05,1026.49
1990-12-06,1033.69
1990-12-07,1022.82
1990-12-08,1008.16
1990-12-09,1003.11
1990-12-10,990.8
1990-12-11,1005.78
1990-12-12,1000.48
1990-12-13,1011.2
1990-12-14,1024.04
1990-12-15,1024.08
1990-12-16,1031.42
1990-12-17,1029.36
1990-12-18,1023.65
1990-12-19,1021.21
1990-12-20,1024.75
1990-12-21,1017.05
1990-12-22,1024.26
1990-12-23,1026.97
1990-12-24,1021.08
1990-12-25,1018.12
1990-12-26,1010.89
1990-12-27,1004.29
1990-12-28,1019.48
1990-12-29,1012.01
1990-12-30,1020.02
1990-12-31,1021.46
