MESS_DATUM,TT_TU
1981-01-01,1.8
1981-01-02,1.5
1981-01-03,5.33
1981-01-04,3.46
1981-01-05,0.27
1981-01-06,-1.6
1981-01-07,-5.88
1981-01-08,-10.87
1981-01-09,-6.05
1981-01-10,-3.0
1981-01-11,-0.29
1981-01-12,-2.36
1981-01-13,-2.85
1981-01-14,-5.67
1981-01-15,0.38
1981-01-16,-1.58
1981-01-17,1.04
1981-01-18,0.66
1981-01-19,0.46
1981-01-20,0.19
1981-01-21,-1.45
1981-01-22,-8.21
1981-01-23,-10.65
1981-01-24,-11.02
1981-01-25,-4.12
1981-01-26,-1.64
1981-01-27,-9.44
1981-01-28,-8.6
1981-01-29,-7.92
1981-01-30,-9.88
1981-01-31,-8.9
1981-02-01,-8.71
1981-02-02,-6.25
1981-02-03,0.0
1981-02-04,1.8
1981-02-05,0.75
1981-02-06,1.27
1981-02-07,4.7
1981-02-08,5.8
1981-02-09,3.52
1981-02-10,3.06
1981-02-11,0.59
1981-02-12,-3.72
1981-02-13,-4.07
1981-02-14,-4.05
1981-02-15,-3.32
1981-02-16,-2.83
1981-02-17,0.86
1981-02-18,-1.09
1981-02-19,-2.58
1981-02-20,-3.19
1981-02-21,-2.77
1981-02-22,-2.72
1981-02-23,-3.58
1981-02-24,-0.69
1981-02-25,-0.73
1981-02-26,1.03
1981-02-27,0.25
1981-02-28,-0.05
1981-03-01,0.48
1981-03-02,3.07
1981-03-03,3.4
1981-03-04,1.76
1981-03-05,0.72
1981-03-06,2.14
1981-03-07,8.05
1981-03-08,9.46
1981-03-09,11.67
1981-03-10,11.95
1981-03-11,14.25
1981-03-12,11.77
1981-03-13,8.32
1981-03-14,7.27
1981-03-15,5.11
1981-03-16,2.95
1981-03-17,4.46
1981-03-18,2.04
1981-03-19,3.16
1981-03-20,6.3
1981-03-21,7.54
1981-03-22,11.12
1981-03-23,9.06
1981-03-24,11.55
1981-03-25,12.65
1981-03-26,11.48
1981-03-27,7.95
1981-03-28,9.04
1981-03-29,11.33
1981-03-30,10.84
1981-03-31,12.47
1981-04-01,14.61
1981-04-02,13.63
1981-04-03,13.48
1981-04-04,8.22
1981-04-05,5.68
1981-04-06,8.29
1981-04-07,10.6
1981-04-08,11.59
1981-04-09,12.41
1981-04-10,11.12
1981-04-11,12.38
1981-04-12,12.17
1981-04-13,14.58
1981-04-14,14.39
1981-04-15,11.56
1981-04-16,7.63
1981-04-17,3.78
1981-04-18,2.12
1981-04-19,1.23
1981-04-20,5.22
1981-04-21,5.72
1981-04-22,6.08
1981-04-23,2.82
1981-04-24,3.58
1981-04-25,8.02
1981-04-26,12.2
1981-04-27,3.68
1981-04-28,4.52
1981-04-29,5.32
1981-04-30,8.24
1981-05-01,7.43
1981-05-02,5.26
1981-05-03,5.01
1981-05-04,6.58
1981-05-05,7.19
1981-05-06,7.57
1981-05-07,13.53
1981-05-08,13.44
1981-05-09,15.87
1981-05-10,19.89
1981-05-11,17.66
1981-05-12,15.18
1981-05-13,15.26
1981-05-14,14.02
1981-05-15,14.95
1981-05-16,14.08
1981-05-17,11.8
1981-05-18,12.38
1981-05-19,15.88
1981-05-20,18.42
1981-05-21,19.93
1981-05-22,15.2
1981-05-23,14.58
1981-05-24,12.45
1981-05-25,11.81
1981-05-26,12.12
1981-05-27,10.76
1981-05-28,12.51
1981-05-29,13.64
1981-05-30,16.45
1981-05-31,19.0
1981-06-01,21.12
1981-06-02,22.97
1981-06-03,22.02
1981-06-04,14.26
1981-06-05,15.45
1981-06-06,17.09
1981-06-07,18.72
1981-06-08,18.61
1981-06-09,19.68
1981-06-10,17.08
1981-06-11,17.81
1981-06-12,16.77
1981-06-13,14.08
1981-06-14,17.87
1981-06-15,22.96
1981-06-16,17.38
1981-06-17,11.63
1981-06-18,10.1
1981-06-19,9.53
1981-06-20,11.25
1981-06-21,10.91
1981-06-22,12.27
1981-06-23,15.84
1981-06-24,16.05
1981-06-25,16.23
1981-06-26,14.96
1981-06-27,17.6
1981-06-28,21.54
1981-06-29,15.15
1981-06-30,13.04
1981-07-01,16.27
1981-07-02,18.53
1981-07-03,16.52
1981-07-04,14.53
1981-07-05,16.11
1981-07-06,17.94
1981-07-07,19.7
1981-07-08,21.53
1981-07-09,21.74
1981-07-10,22.35
1981-07-11,21.0
1981-07-12,19.7
1981-07-13,17.63
1981-07-14,17.27
1981-07-15,16.45
1981-07-16,17.54
1981-07-17,15.1
1981-07-18,13.39
1981-07-19,12.77
1981-07-20,12.95
1981-07-21,14.52
1981-07-22,17.2
1981-07-23,16.79
1981-07-24,15.04
1981-07-25,13.29
1981-07-26,12.79
1981-07-27,14.81
1981-07-28,14.35
1981-07-29,17.37
1981-07-30,18.52
1981-07-31,17.16
1981-08-01,20.31
1981-08-02,21.38
1981-08-03,20.94
1981-08-04,22.08
1981-08-05,23.06
1981-08-06,22.32
1981-08-07,19.49
1981-08-08,19.22
1981-08-09,19.08
1981-08-10,16.52
1981-08-11,17.17
1981-08-12,17.98
1981-08-13,18.16
1981-08-14,19.21
1981-08-15,20.2
1981-08-16,19.35
1981-08-17,13.59
1981-08-18,12.73
1981-08-19,14.45
1981-08-20,14.02
1981-08-21,13.52
1981-08-22,12.43
1981-08-23,12.05
1981-08-24,13.64
1981-08-25,14.26
1981-08-26,12.4
1981-08-27,14.71
1981-08-28,14.78
1981-08-29,14.4
1981-08-30,14.76
1981-08-31,14.57
1981-09-01,15.66
1981-09-02,15.01
1981-09-03,14.65
1981-09-04,14.56
1981-09-05,14.64
1981-09-06,13.47
1981-09-07,14.35
1981-09-08,16.4
1981-09-09,16.45
1981-09-10,16.32
1981-09-11,15.86
1981-09-12,16.42
1981-09-13,16.0
1981-09-14,12.07
1981-09-15,12.7
1981-09-16,14.8
1981-09-17,14.19
1981-09-18,14.02
1981-09-19,15.28
1981-09-20,16.42
1981-09-21,18.7
1981-09-22,19.17
1981-09-23,15.01
1981-09-24,11.97
1981-09-25,14.1
1981-09-26,15.66
1981-09-27,12.68
1981-09-28,9.59
1981-09-29,10.55
1981-09-30,12.4
1981-10-01,13.26
1981-10-02,12.68
1981-10-03,12.38
1981-10-04,10.35
1981-10-05,11.27
1981-10-06,15.96
1981-10-07,14.45
1981-10-08,11.5
1981-10-09,11.84
1981-10-10,11.32
1981-10-11,9.45
1981-10-12,5.35
1981-10-13,6.35
1981-10-14,6.0
1981-10-15,6.69
1981-10-16,6.17
1981-10-17,7.18
1981-10-18,11.21
1981-10-19,10.46
1981-10-20,10.44
1981-10-21,7.29
1981-10-22,5.31
1981-10-23,4.4
1981-10-24,3.13
1981-10-25,3.5
1981-10-26,5.37
1981-10-27,5.38
1981-10-28,5.44
1981-10-29,8.08
1981-10-30,8.75
1981-10-31,11.36
1981-11-01,10.43
1981-11-02,12.3
1981-11-03,11.63
1981-11-04,10.28
1981-11-05,7.7
1981-11-06,5.89
1981-11-07,2.1
1981-11-08,0.05
1981-11-09,0.77
1981-11-10,0.22
1981-11-11,-1.68
1981-11-12,0.66
1981-11-13,4.76
1981-11-14,3.45
1981-11-15,0.32
1981-11-16,-1.61
1981-11-17,-1.23
1981-11-18,4.21
1981-11-19,9.9
1981-11-20,9.73
1981-11-21,11.43
1981-11-22,11.95
1981-11-23,10.96
1981-11-24,5.87
1981-11-25,1.87
1981-11-26,1.38
1981-11-27,4.27
1981-11-28,3.09
1981-11-29,1.82
1981-11-30,1.99
1981-12-01,0.93
1981-12-02,0.51
1981-12-03,-1.27
1981-12-04,0.74
1981-12-05,0.8
1981-12-06,0.45
1981-12-07,1.45
1981-12-08,3.5
1981-12-09,0.74
1981-12-10,-1.05
1981-12-11,0.11
1981-12-12,-1.65
1981-12-13,-9.26
1981-12-14,-0.65
1981-12-15,1.2
1981-12-16,-4.5
1981-12-17,-9.97
1981-12-18,-4.42
1981-12-19,-8.93
1981-12-20,-7.79
1981-12-21,-6.62
1981-12-22,-4.72
1981-12-23,-3.6
1981-12-24,-1.18
1981-12-25,-0.32
1981-12-26,-1.89
1981-12-27,-6.0
1981-12-28,-6.38
1981-12-29,-2.05
1981-12-30,1.31
1981-12-31,4.85
1982-01-01,2.39
1982-01-02,2.71
1982-01-03,3.32
1982-01-04,5.39
1982-01-05,7.63
1982-01-06,1.08
1982-01-07,-6.52
1982-01-08,-8.48
1982-01-09,-7.38
1982-01-10,-11.5
1982-01-11,-7.89
1982-01-12,-7.52
1982-01-13,-18.12
1982-01-14,-20.77
1982-01-15,-15.18
1982-01-16,-12.84
1982-01-17,-13.33
1982-01-18,-8.57
1982-01-19,-2.11
1982-01-20,-2.99
1982-01-21,-6.48
1982-01-22,-3.83
1982-01-23,-0.63
1982-01-24,-0.19
1982-01-25,-2.37
1982-01-26,-1.29
1982-01-27,1.48
1982-01-28,0.81
1982-01-29,1.58
1982-01-30,4.73
1982-01-31,3.46
1982-02-01,-1.96
1982-02-02,-2.87
1982-02-03,-3.0
1982-02-04,-4.34
1982-02-05,-5.45
1982-02-06,-1.28
1982-02-07,2.22
1982-02-08,3.05
1982-02-09,1.26
1982-02-10,1.12
1982-02-11,2.21
1982-02-12,1.66
1982-02-13,0.57
1982-02-14,1.25
1982-02-15,0.92
1982-02-16,0.24
1982-02-17,1.4
1982-02-18,1.0
1982-02-19,-0.68
1982-02-20,-0.89
1982-02-21,-0.85
1982-02-22,-1.12
1982-02-23,-3.0
1982-02-24,-5.68
1982-02-25,-3.42
1982-02-26,-1.54
1982-02-27,-2.27
1982-02-28,0.03
1982-03-01,6.1
1982-03-02,4.09
1982-03-03,6.21
1982-03-04,6.64
1982-03-05,2.8
1982-03-06,0.34
1982-03-07,3.1
1982-03-08,3.87
1982-03-09,1.52
1982-03-10,4.36
1982-03-11,3.25
1982-03-12,3.39
1982-03-13,2.76
1982-03-14,3.21
1982-03-15,5.21
1982-03-16,5.8
1982-03-17,3.92
1982-03-18,4.18
1982-03-19,1.32
1982-03-20,1.3
1982-03-21,5.02
1982-03-22,4.2
1982-03-23,4.95
1982-03-24,5.21
1982-03-25,5.25
1982-03-26,5.82
1982-03-27,7.84
1982-03-28,7.83
1982-03-29,8.55
1982-03-30,6.55
1982-03-31,5.83
1982-04-01,8.87
1982-04-02,9.97
1982-04-03,9.04
1982-04-04,6.45
1982-04-05,9.15
1982-04-06,11.93
1982-04-07,10.42
1982-04-08,8.25
1982-04-09,2.5
1982-04-10,3.51
1982-04-11,2.6
1982-04-12,1.32
1982-04-13,1.92
1982-04-14,4.03
1982-04-15,7.14
1982-04-16,9.52
1982-04-17,10.12
1982-04-18,7.09
1982-04-19,7.04
1982-04-20,7.73
1982-04-21,7.3
1982-04-22,9.76
1982-04-23,7.63
1982-04-24,6.73
1982-04-25,8.13
1982-04-26,5.8
1982-04-27,8.33
1982-04-28,6.53
1982-04-29,6.85
1982-04-30,4.63
1982-05-01,6.3
1982-05-02,5.3
1982-05-03,8.74
1982-05-04,8.87
1982-05-05,9.75
1982-05-06,9.17
1982-05-07,6.67
1982-05-08,8.67
1982-05-09,10.55
1982-05-10,9.5
1982-05-11,7.07
1982-05-12,8.54
1982-05-13,12.4
1982-05-14,14.59
1982-05-15,16.72
1982-05-16,17.94
1982-05-17,16.18
1982-05-18,18.15
1982-05-19,16.5
1982-05-20,16.6
1982-05-21,16.3
1982-05-22,15.3
1982-05-23,14.66
1982-05-24,11.47
1982-05-25,12.89
1982-05-26,16.5
1982-05-27,19.18
1982-05-28,14.63
1982-05-29,13.8
1982-05-30,16.97
1982-05-31,19.76
1982-06-01,21.35
1982-06-02,22.59
1982-06-03,22.72
1982-06-04,23.34
1982-06-05,22.95
1982-06-06,20.54
1982-06-07,20.3
1982-06-08,20.08
1982-06-09,20.3
1982-06-10,19.62
1982-06-11,17.3
1982-06-12,15.19
1982-06-13,12.46
1982-06-14,11.98
1982-06-15,12.05
1982-06-16,11.04
1982-06-17,11.84
1982-06-18,13.6
1982-06-19,15.13
1982-06-20,16.19
1982-06-21,16.15
1982-06-22,17.53
1982-06-23,16.68
1982-06-24,15.96
1982-06-25,17.3
1982-06-26,17.61
1982-06-27,15.95
1982-06-28,15.41
1982-06-29,14.49
1982-06-30,15.15
1982-07-01,16.02
1982-07-02,19.8
1982-07-03,23.05
1982-07-04,17.12
1982-07-05,16.3
1982-07-06,17.07
1982-07-07,17.36
1982-07-08,18.6
1982-07-09,21.07
1982-07-10,22.96
1982-07-11,23.23
1982-07-12,22.79
1982-07-13,23.78
1982-07-14,23.36
1982-07-15,21.88
1982-07-16,21.38
1982-07-17,19.86
1982-07-18,19.98
1982-07-19,17.46
1982-07-20,22.28
1982-07-21,21.07
1982-07-22,20.71
1982-07-23,19.25
1982-07-24,18.13
1982-07-25,17.99
1982-07-26,16.19
1982-07-27,15.35
1982-07-28,15.02
1982-07-29,20.31
1982-07-30,21.62
1982-07-31,21.99
1982-08-01,19.99
1982-08-02,21.58
1982-08-03,22.92
1982-08-04,19.47
1982-08-05,18.98
1982-08-06,18.24
1982-08-07,18.15
1982-08-08,17.75
1982-08-09,19.62
1982-08-10,19.67
1982-08-11,18.02
1982-08-12,21.28
1982-08-13,20.77
1982-08-14,17.16
1982-08-15,19.01
1982-08-16,20.43
1982-08-17,17.03
1982-08-18,19.21
1982-08-19,17.15
1982-08-20,13.58
1982-08-21,13.48
1982-08-22,15.1
1982-08-23,15.29
1982-08-24,14.5
1982-08-25,14.84
1982-08-26,17.07
1982-08-27,16.4
1982-08-28,15.72
1982-08-29,15.45
1982-08-30,15.89
1982-08-31,13.65
1982-09-01,14.99
1982-09-02,13.76
1982-09-03,13.03
1982-09-04,14.71
1982-09-05,17.27
1982-09-06,19.82
1982-09-07,16.75
1982-09-08,15.5
1982-09-09,16.09
1982-09-10,18.07
1982-09-11,16.94
1982-09-12,18.39
1982-09-13,17.32
1982-09-14,17.15
1982-09-15,17.59
1982-09-16,17.42
1982-09-17,16.21
1982-09-18,15.99
1982-09-19,17.73
1982-09-20,18.83
1982-09-21,20.34
1982-09-22,14.14
1982-09-23,10.43
1982-09-24,11.53
1982-09-25,12.95
1982-09-26,16.8
1982-09-27,13.8
1982-09-28,11.96
1982-09-29,11.59
1982-09-30,12.98
1982-10-01,13.71
1982-10-02,14.19
1982-10-03,11.1
1982-10-04,8.95
1982-10-05,10.55
1982-10-06,12.11
1982-10-07,8.13
1982-10-08,10.2
1982-10-09,9.82
1982-10-10,9.7
1982-10-11,10.19
1982-10-12,9.59
1982-10-13,10.36
1982-10-14,10.79
1982-10-15,9.3
1982-10-16,6.75
1982-10-17,7.01
1982-10-18,9.7
1982-10-19,9.48
1982-10-20,8.54
1982-10-21,8.17
1982-10-22,8.05
1982-10-23,9.33
1982-10-24,9.77
1982-10-25,5.75
1982-10-26,4.75
1982-10-27,8.59
1982-10-28,7.61
1982-10-29,6.83
1982-10-30,8.82
1982-10-31,6.68
1982-11-01,5.43
1982-11-02,7.99
1982-11-03,7.66
1982-11-04,6.25
1982-11-05,6.73
1982-11-06,2.18
1982-11-07,2.65
1982-11-08,7.02
1982-11-09,8.56
1982-11-10,8.24
1982-11-11,7.42
1982-11-12,4.95
1982-11-13,7.38
1982-11-14,4.39
1982-11-15,2.38
1982-11-16,2.1
1982-11-17,2.52
1982-11-18,6.57
1982-11-19,8.55
1982-11-20,6.3
1982-11-21,2.6
1982-11-22,5.28
1982-11-23,8.0
1982-11-24,7.52
1982-11-25,4.28
1982-11-26,3.57
1982-11-27,3.33
1982-11-28,4.5
1982-11-29,4.72
1982-11-30,3.03
1982-12-01,0.93
1982-12-02,1.32
1982-12-03,-0.52
1982-12-04,0.51
1982-12-05,0.95
1982-12-06,2.24
1982-12-07,4.71
1982-12-08,9.67
1982-12-09,7.19
1982-12-10,7.84
1982-12-11,3.43
1982-12-12,1.22
1982-12-13,2.17
1982-12-14,1.27
1982-12-15,3.4
1982-12-16,8.86
1982-12-17,3.09
1982-12-18,1.23
1982-12-19,-0.15
1982-12-20,3.24
1982-12-21,3.46
1982-12-22,2.16
1982-12-23,1.12
1982-12-24,-0.87
1982-12-25,-0.22
1982-12-26,1.31
1982-12-27,4.86
1982-12-28,3.18
1982-12-29,0.85
1982-12-30,0.25
1982-12-31,-2.64
1983-01-01,-2.06
1983-01-02,-0.02
1983-01-03,2.7
1983-01-04,8.61
1983-01-05,6.82
1983-01-06,9.6
1983-01-07,5.35
1983-01-08,3.0
1983-01-09,2.87
1983-01-10,5.39
1983-01-11,6.51
1983-01-12,3.0
1983-01-13,1.53
1983-01-14,1.52
1983-01-15,3.03
1983-01-16,5.87
1983-01-17,6.84
1983-01-18,4.04
1983-01-19,0.71
1983-01-20,-0.12
1983-01-21,1.02
1983-01-22,2.78
1983-01-23,0.9
1983-01-24,-2.97
1983-01-25,-0.65
1983-01-26,4.49
1983-01-27,9.78
1983-01-28,8.36
1983-01-29,8.1
1983-01-30,5.32
1983-01-31,1.69
1983-02-01,6.47
1983-02-02,1.67
1983-02-03,0.97
1983-02-04,-1.27
1983-02-05,-2.38
1983-02-06,0.96
1983-02-07,-0.91
1983-02-08,-0.64
1983-02-09,-0.86
1983-02-10,-1.88
1983-02-11,-3.17
1983-02-12,-2.08
1983-02-13,-3.68
1983-02-14,-2.12
1983-02-15,-4.47
1983-02-16,-6.09
1983-02-17,-3.08
1983-02-18,-6.2
1983-02-19,-7.1
1983-02-20,-2.36
1983-02-21,-2.3
1983-02-22,-8.1
1983-02-23,-6.17
1983-02-24,-4.48
1983-02-25,-3.79
1983-02-26,3.08
1983-02-27,4.68
1983-02-28,3.62
1983-03-01,1.56
1983-03-02,2.44
1983-03-03,1.05
1983-03-04,-1.7
1983-03-05,-0.67
1983-03-06,3.68
1983-03-07,6.63
1983-03-08,6.17
1983-03-09,4.26
1983-03-10,2.68
1983-03-11,4.82
1983-03-12,1.26
1983-03-13,2.08
1983-03-14,4.65
1983-03-15,5.81
1983-03-16,7.46
1983-03-17,8.14
1983-03-18,9.18
1983-03-19,9.21
1983-03-20,9.26
1983-03-21,8.89
1983-03-22,4.35
1983-03-23,5.72
1983-03-24,9.45
1983-03-25,4.55
1983-03-26,1.5
1983-03-27,2.29
1983-03-28,2.08
1983-03-29,1.87
1983-03-30,4.08
1983-03-31,7.67
1983-04-01,8.01
1983-04-02,5.94
1983-04-03,4.93
1983-04-04,4.5
1983-04-05,4.78
1983-04-06,6.32
1983-04-07,5.22
1983-04-08,10.23
1983-04-09,6.61
1983-04-10,9.08
1983-04-11,12.58
1983-04-12,5.9
1983-04-13,3.77
1983-04-14,3.22
1983-04-15,6.1
1983-04-16,8.6
1983-04-17,11.08
1983-04-18,13.54
1983-04-19,14.12
1983-04-20,11.8
1983-04-21,15.04
1983-04-22,11.43
1983-04-23,11.35
1983-04-24,12.05
1983-04-25,12.24
1983-04-26,14.78
1983-04-27,12.44
1983-04-28,13.13
1983-04-29,11.35
1983-04-30,11.48
1983-05-01,12.6
1983-05-02,11.08
1983-05-03,9.85
1983-05-04,8.82
1983-05-05,10.61
1983-05-06,11.88
1983-05-07,12.2
1983-05-08,11.87
1983-05-09,10.77
1983-05-10,9.6
1983-05-11,10.2
1983-05-12,13.42
1983-05-13,11.57
1983-05-14,14.33
1983-05-15,15.86
1983-05-16,16.36
1983-05-17,16.44
1983-05-18,13.52
1983-05-19,10.55
1983-05-20,13.85
1983-05-21,17.27
1983-05-22,11.03
1983-05-23,10.16
1983-05-24,10.63
1983-05-25,9.98
1983-05-26,9.08
1983-05-27,8.95
1983-05-28,10.02
1983-05-29,10.19
1983-05-30,12.02
1983-05-31,16.12
1983-06-01,18.6
1983-06-02,17.85
1983-06-03,16.44
1983-06-04,19.02
1983-06-05,18.77
1983-06-06,15.37
1983-06-07,15.49
1983-06-08,18.71
1983-06-09,19.56
1983-06-10,18.53
1983-06-11,17.42
1983-06-12,18.6
1983-06-13,16.1
1983-06-14,16.05
1983-06-15,12.27
1983-06-16,11.07
1983-06-17,10.52
1983-06-18,12.5
1983-06-19,15.41
1983-06-20,17.89
1983-06-21,20.45
1983-06-22,21.75
1983-06-23,21.0
1983-06-24,20.16
1983-06-25,20.56
1983-06-26,18.43
1983-06-27,17.82
1983-06-28,15.06
1983-06-29,15.21
1983-06-30,16.99
1983-07-01,15.15
1983-07-02,17.07
1983-07-03,18.45
1983-07-04,20.67
1983-07-05,22.87
1983-07-06,22.67
1983-07-07,20.95
1983-07-08,22.13
1983-07-09,23.49
1983-07-10,24.03
1983-07-11,24.73
1983-07-12,24.5
1983-07-13,21.97
1983-07-14,18.97
1983-07-15,19.52
1983-07-16,21.78
1983-07-17,23.62
1983-07-18,23.87
1983-07-19,20.6
1983-07-20,16.74
1983-07-21,15.57
1983-07-22,18.79
1983-07-23,22.56
1983-07-24,20.26
1983-07-25,21.0
1983-07-26,25.46
1983-07-27,27.04
1983-07-28,25.43
1983-07-29,21.78
1983-07-30,22.28
1983-07-31,23.27
1983-08-01,24.02
1983-08-02,18.45
1983-08-03,13.87
1983-08-04,13.05
1983-08-05,13.12
1983-08-06,13.51
1983-08-07,16.45
1983-08-08,19.52
1983-08-09,21.14
1983-08-10,19.96
1983-08-11,17.3
1983-08-12,20.11
1983-08-13,16.0
1983-08-14,13.95
1983-08-15,16.16
1983-08-16,19.44
1983-08-17,19.59
1983-08-18,19.65
1983-08-19,21.85
1983-08-20,22.12
1983-08-21,21.5
1983-08-22,19.34
1983-08-23,20.62
1983-08-24,22.68
1983-08-25,22.87
1983-08-26,22.7
1983-08-27,21.43
1983-08-28,19.71
1983-08-29,19.45
1983-08-30,18.87
1983-08-31,19.64
1983-09-01,20.09
1983-09-02,17.82
1983-09-03,16.21
1983-09-04,14.34
1983-09-05,17.74
1983-09-06,12.86
1983-09-07,13.05
1983-09-08,10.69
1983-09-09,16.54
1983-09-10,16.55
1983-09-11,13.52
1983-09-12,11.42
1983-09-13,11.76
1983-09-14,14.82
1983-09-15,17.33
1983-09-16,13.76
1983-09-17,11.27
1983-09-18,14.04
1983-09-19,16.02
1983-09-20,13.38
1983-09-21,11.59
1983-09-22,14.3
1983-09-23,11.08
1983-09-24,13.85
1983-09-25,14.1
1983-09-26,10.58
1983-09-27,11.72
1983-09-28,14.7
1983-09-29,16.3
1983-09-30,12.72
1983-10-01,11.55
1983-10-02,10.22
1983-10-03,16.41
1983-10-04,17.15
1983-10-05,17.67
1983-10-06,13.94
1983-10-07,11.33
1983-10-08,12.15
1983-10-09,11.12
1983-10-10,12.57
1983-10-11,10.59
1983-10-12,8.98
1983-10-13,9.8
1983-10-14,10.88
1983-10-15,11.01
1983-10-16,9.31
1983-10-17,7.75
1983-10-18,8.7
1983-10-19,12.3
1983-10-20,7.78
1983-10-21,5.67
1983-10-22,1.23
1983-10-23,1.72
1983-10-24,2.31
1983-10-25,3.3
1983-10-26,7.24
1983-10-27,5.62
1983-10-28,5.57
1983-10-29,5.49
1983-10-30,2.72
1983-10-31,3.4
1983-11-01,6.96
1983-11-02,5.97
1983-11-03,5.51
1983-11-04,3.83
1983-11-05,7.09
1983-11-06,4.84
1983-11-07,4.82
1983-11-08,1.35
1983-11-09,0.72
1983-11-10,1.55
1983-11-11,2.23
1983-11-12,1.15
1983-11-13,-1.02
1983-11-14,-3.42
1983-11-15,-6.34
1983-11-16,0.2
1983-11-17,0.44
1983-11-18,-0.35
1983-11-19,-0.1
1983-11-20,-1.24
1983-11-21,0.18
1983-11-22,-3.85
1983-11-23,-3.05
1983-11-24,-2.57
1983-11-25,2.8
1983-11-26,11.5
1983-11-27,10.7
1983-11-28,7.94
1983-11-29,5.8
1983-11-30,1.29
1983-12-01,-1.42
1983-12-02,-4.52
1983-12-03,-5.79
1983-12-04,-6.8
1983-12-05,-6.94
1983-12-06,-6.5
1983-12-07,-1.62
1983-12-08,-4.65
1983-12-09,-1.09
1983-12-10,1.15
1983-12-11,-3.77
1983-12-12,-9.23
1983-12-13,-6.68
1983-12-14,-5.54
1983-12-15,-10.29
1983-12-16,-8.89
1983-12-17,-5.65
1983-12-18,-0.77
1983-12-19,0.42
1983-12-20,2.38
1983-12-21,1.29
1983-12-22,2.21
1983-12-23,4.03
1983-12-24,5.83
1983-12-25,7.2
1983-12-26,7.42
1983-12-27,4.28
1983-12-28,5.05
1983-12-29,3.72
1983-12-30,4.27
1983-12-31,3.42
1984-01-01,2.87
1984-01-02,3.3
1984-01-03,5.18
1984-01-04,2.35
1984-01-05,0.72
1984-01-06,0.17
1984-01-07,1.73
1984-01-08,1.77
1984-01-09,0.91
1984-01-10,-0.99
1984-01-11,-0.7
1984-01-12,-0.62
1984-01-13,2.07
1984-01-14,6.55
1984-01-15,2.15
1984-01-16,1.53
1984-01-17,4.51
1984-01-18,1.0
1984-01-19,-1.23
1984-01-20,0.29
1984-01-21,-3.22
1984-01-22,-3.56
1984-01-23,0.87
1984-01-24,1.75
1984-01-25,-0.3
1984-01-26,-5.1
1984-01-27,-1.05
1984-01-28,-1.17
1984-01-29,1.25
1984-01-30,1.21
1984-01-31,0.85
1984-02-01,1.24
1984-02-02,2.11
1984-02-03,2.97
1984-02-04,3.35
1984-02-05,5.44
1984-02-06,3.66
1984-02-07,3.28
1984-02-08,0.92
1984-02-09,1.66
1984-02-10,0.43
1984-02-11,1.47
1984-02-12,-2.24
1984-02-13,-2.15
1984-02-14,-2.51
1984-02-15,-2.77
1984-02-16,-4.68
1984-02-17,-7.42
1984-02-18,-7.26
1984-02-19,-2.44
1984-02-20,-2.57
1984-02-21,-0.14
1984-02-22,-1.25
1984-02-23,-0.41
1984-02-24,0.8
1984-02-25,0.63
1984-02-26,3.3
1984-02-27,1.5
1984-02-28,1.34
1984-02-29,1.09
1984-03-01,0.14
1984-03-02,-0.33
1984-03-03,1.33
1984-03-04,0.15
1984-03-05,-0.13
1984-03-06,2.76
1984-03-07,3.02
1984-03-08,1.39
1984-03-09,-0.5
1984-03-10,-1.83
1984-03-11,-2.07
1984-03-12,-0.13
1984-03-13,1.86
1984-03-14,1.82
1984-03-15,4.45
1984-03-16,3.51
1984-03-17,4.25
1984-03-18,3.09
1984-03-19,1.09
1984-03-20,1.33
1984-03-21,1.38
1984-03-22,2.85
1984-03-23,2.65
1984-03-24,4.57
1984-03-25,5.25
1984-03-26,4.46
1984-03-27,6.82
1984-03-28,9.93
1984-03-29,6.95
1984-03-30,4.87
1984-03-31,2.57
1984-04-01,3.85
1984-04-02,2.92
1984-04-03,0.67
1984-04-04,1.44
1984-04-05,2.98
1984-04-06,4.52
1984-04-07,5.81
1984-04-08,5.65
1984-04-09,5.9
1984-04-10,6.2
1984-04-11,7.25
1984-04-12,5.93
1984-04-13,8.14
1984-04-14,8.04
1984-04-15,12.68
1984-04-16,6.18
1984-04-17,4.73
1984-04-18,4.72
1984-04-19,6.45
1984-04-20,8.53
1984-04-21,12.1
1984-04-22,12.47
1984-04-23,11.55
1984-04-24,10.99
1984-04-25,11.9
1984-04-26,11.53
1984-04-27,7.6
1984-04-28,2.83
1984-04-29,6.15
1984-04-30,8.54
1984-05-01,10.1
1984-05-02,12.35
1984-05-03,12.93
1984-05-04,14.27
1984-05-05,16.36
1984-05-06,14.5
1984-05-07,6.57
1984-05-08,4.95
1984-05-09,6.42
1984-05-10,9.62
1984-05-11,8.73
1984-05-12,6.56
1984-05-13,7.58
1984-05-14,9.01
1984-05-15,12.06
1984-05-16,14.08
1984-05-17,10.43
1984-05-18,13.65
1984-05-19,16.4
1984-05-20,13.7
1984-05-21,12.39
1984-05-22,12.02
1984-05-23,12.25
1984-05-24,9.5
1984-05-25,11.35
1984-05-26,12.86
1984-05-27,12.37
1984-05-28,10.1
1984-05-29,10.37
1984-05-30,9.24
1984-05-31,9.69
1984-06-01,13.29
1984-06-02,15.13
1984-06-03,19.92
1984-06-04,14.12
1984-06-05,13.3
1984-06-06,10.67
1984-06-07,12.22
1984-06-08,11.84
1984-06-09,10.81
1984-06-10,13.87
1984-06-11,12.89
1984-06-12,13.96
1984-06-13,15.75
1984-06-14,16.78
1984-06-15,12.03
1984-06-16,12.68
1984-06-17,14.66
1984-06-18,16.15
1984-06-19,17.48
1984-06-20,19.98
1984-06-21,20.63
1984-06-22,19.29
1984-06-23,15.98
1984-06-24,12.74
1984-06-25,10.73
1984-06-26,12.91
1984-06-27,15.01
1984-06-28,14.5
1984-06-29,11.13
1984-06-30,10.11
1984-07-01,12.98
1984-07-02,14.61
1984-07-03,11.29
1984-07-04,11.6
1984-07-05,12.25
1984-07-06,12.8
1984-07-07,13.9
1984-07-08,17.42
1984-07-09,19.79
1984-07-10,24.07
1984-07-11,26.89
1984-07-12,21.81
1984-07-13,18.78
1984-07-14,16.29
1984-07-15,16.34
1984-07-16,12.97
1984-07-17,13.3
1984-07-18,14.39
1984-07-19,14.88
1984-07-20,14.33
1984-07-21,13.65
1984-07-22,14.94
1984-07-23,16.64
1984-07-24,15.97
1984-07-25,18.28
1984-07-26,16.26
1984-07-27,15.49
1984-07-28,14.97
1984-07-29,18.57
1984-07-30,19.86
1984-07-31,23.35
1984-08-01,18.26
1984-08-02,17.41
1984-08-03,22.05
1984-08-04,20.64
1984-08-05,17.1
1984-08-06,16.62
1984-08-07,16.73
1984-08-08,17.03
1984-08-09,18.72
1984-08-10,18.05
1984-08-11,17.05
1984-08-12,17.1
1984-08-13,16.4
1984-08-14,16.87
1984-08-15,16.22
1984-08-16,16.06
1984-08-17,15.92
1984-08-18,16.66
1984-08-19,16.96
1984-08-20,16.95
1984-08-21,17.43
1984-08-22,18.1
1984-08-23,18.41
1984-08-24,17.82
1984-08-25,16.22
1984-08-26,16.9
1984-08-27,15.65
1984-08-28,15.56
1984-08-29,16.55
1984-08-30,15.8
1984-08-31,18.37
1984-09-01,18.82
1984-09-02,17.59
1984-09-03,18.48
1984-09-04,20.5
1984-09-05,12.52
1984-09-06,9.6
1984-09-07,9.88
1984-09-08,9.77
1984-09-09,11.62
1984-09-10,11.87
1984-09-11,11.73
1984-09-12,12.86
1984-09-13,15.2
1984-09-14,15.37
1984-09-15,14.57
1984-09-16,14.15
1984-09-17,13.04
1984-09-18,13.37
1984-09-19,11.98
1984-09-20,13.64
1984-09-21,14.85
1984-09-22,10.78
1984-09-23,10.38
1984-09-24,9.2
1984-09-25,9.38
1984-09-26,9.51
1984-09-27,10.35
1984-09-28,9.19
1984-09-29,12.41
1984-09-30,13.62
1984-10-01,14.38
1984-10-02,11.7
1984-10-03,10.3
1984-10-04,10.98
1984-10-05,12.04
1984-10-06,10.79
1984-10-07,9.8
1984-10-08,9.7
1984-10-09,13.24
1984-10-10,14.02
1984-10-11,12.83
1984-10-12,10.32
1984-10-13,10.97
1984-10-14,9.03
1984-10-15,11.03
1984-10-16,6.7
1984-10-17,7.99
1984-10-18,12.21
1984-10-19,15.19
1984-10-20,12.52
1984-10-21,8.25
1984-10-22,7.8
1984-10-23,11.98
1984-10-24,11.18
1984-10-25,11.64
1984-10-26,11.34
1984-10-27,7.53
1984-10-28,4.15
1984-10-29,4.38
1984-10-30,4.38
1984-10-31,3.03
1984-11-01,3.1
1984-11-02,4.02
1984-11-03,4.98
1984-11-04,6.43
1984-11-05,6.04
1984-11-06,4.33
1984-11-07,2.02
1984-11-08,3.97
1984-11-09,4.58
1984-11-10,7.1
1984-11-11,6.43
1984-11-12,4.22
1984-11-13,2.15
1984-11-14,-0.87
1984-11-15,0.75
1984-11-16,1.54
1984-11-17,2.73
1984-11-18,2.42
1984-11-19,2.59
1984-11-20,2.19
1984-11-21,4.35
1984-11-22,6.48
1984-11-23,12.09
1984-11-24,11.12
1984-11-25,9.63
1984-11-26,7.34
1984-11-27,1.38
1984-11-28,-0.93
1984-11-29,-1.32
1984-11-30,-1.33
1984-12-01,-0.68
1984-12-02,-1.55
1984-12-03,1.86
1984-12-04,2.62
1984-12-05,2.06
1984-12-06,1.45
1984-12-07,2.76
1984-12-08,2.83
1984-12-09,2.73
1984-12-10,2.79
1984-12-11,4.0
1984-12-12,1.29
1984-12-13,0.28
1984-12-14,0.3
1984-12-15,1.64
1984-12-16,3.42
1984-12-17,3.67
1984-12-18,4.22
1984-12-19,2.53
1984-12-20,3.16
1984-12-21,4.16
1984-12-22,0.34
1984-12-23,-1.18
1984-12-24,-1.52
1984-12-25,-3.38
1984-12-26,0.19
1984-12-27,-0.04
1984-12-28,-0.46
1984-12-29,-2.48
1984-12-30,-4.64
1984-12-31,-5.67
1985-01-01,-2.65
1985-01-02,-3.2
1985-01-03,-6.39
1985-01-04,-12.34
1985-01-05,-16.35
1985-01-06,-15.55
1985-01-07,-13.26
1985-01-08,-19.23
1985-01-09,-14.72
1985-01-10,-14.5
1985-01-11,-16.22
1985-01-12,-11.9
1985-01-13,-16.09
1985-01-14,-11.51
1985-01-15,-7.85
1985-01-16,-6.03
1985-01-17,-8.53
1985-01-18,-13.22
1985-01-19,-8.98
1985-01-20,-3.09
1985-01-21,1.3
1985-01-22,3.35
1985-01-23,2.31
1985-01-24,0.05
1985-01-25,0.12
1985-01-26,2.3
1985-01-27,0.04
1985-01-28,-3.87
1985-01-29,-0.18
1985-01-30,2.54
1985-01-31,4.31
1985-02-01,6.33
1985-02-02,8.43
1985-02-03,2.75
1985-02-04,-2.91
1985-02-05,-2.14
1985-02-06,-0.02
1985-02-07,0.13
1985-02-08,-3.48
1985-02-09,-4.89
1985-02-10,-9.55
1985-02-11,-13.09
1985-02-12,-12.87
1985-02-13,-14.1
1985-02-14,-10.31
1985-02-15,-13.66
1985-02-16,-13.25
1985-02-17,-11.7
1985-02-18,-11.82
1985-02-19,-13.82
1985-02-20,-13.22
1985-02-21,-4.89
1985-02-22,-1.77
1985-02-23,-1.86
1985-02-24,1.05
1985-02-25,-1.07
1985-02-26,-0.18
1985-02-27,0.04
1985-02-28,0.25
1985-03-01,1.39
1985-03-02,2.5
1985-03-03,3.54
1985-03-04,3.15
1985-03-05,1.67
1985-03-06,2.01
1985-03-07,3.3
1985-03-08,4.0
1985-03-09,3.7
1985-03-10,1.08
1985-03-11,0.48
1985-03-12,2.49
1985-03-13,1.64
1985-03-14,2.54
1985-03-15,1.55
1985-03-16,2.88
1985-03-17,0.93
1985-03-18,-0.55
1985-03-19,-0.06
1985-03-20,1.48
1985-03-21,1.33
1985-03-22,3.45
1985-03-23,4.43
1985-03-24,4.72
1985-03-25,6.77
1985-03-26,9.36
1985-03-27,6.75
1985-03-28,2.19
1985-03-29,3.29
1985-03-30,8.85
1985-03-31,10.35
1985-04-01,9.0
1985-04-02,11.56
1985-04-03,11.75
1985-04-04,12.19
1985-04-05,14.31
1985-04-06,11.63
1985-04-07,11.47
1985-04-08,10.92
1985-04-09,7.75
1985-04-10,8.68
1985-04-11,8.27
1985-04-12,6.85
1985-04-13,6.55
1985-04-14,6.28
1985-04-15,5.68
1985-04-16,5.65
1985-04-17,6.03
1985-04-18,8.6
1985-04-19,10.78
1985-04-20,11.12
1985-04-21,14.8
1985-04-22,15.1
1985-04-23,10.12
1985-04-24,3.99
1985-04-25,4.24
1985-04-26,3.5
1985-04-27,3.31
1985-04-28,3.33
1985-04-29,3.75
1985-04-30,6.86
1985-05-01,8.38
1985-05-02,6.84
1985-05-03,4.53
1985-05-04,5.78
1985-05-05,9.98
1985-05-06,14.37
1985-05-07,17.84
1985-05-08,12.21
1985-05-09,11.45
1985-05-10,12.33
1985-05-11,15.48
1985-05-12,18.17
1985-05-13,18.27
1985-05-14,17.49
1985-05-15,14.8
1985-05-16,16.82
1985-05-17,17.67
1985-05-18,17.48
1985-05-19,17.46
1985-05-20,16.09
1985-05-21,14.59
1985-05-22,12.32
1985-05-23,11.85
1985-05-24,13.62
1985-05-25,17.07
1985-05-26,20.27
1985-05-27,20.81
1985-05-28,18.1
1985-05-29,14.7
1985-05-30,16.19
1985-05-31,16.82
1985-06-01,16.97
1985-06-02,16.25
1985-06-03,17.58
1985-06-04,19.48
1985-06-05,21.03
1985-06-06,20.58
1985-06-07,17.85
1985-06-08,12.52
1985-06-09,9.91
1985-06-10,10.47
1985-06-11,10.99
1985-06-12,12.65
1985-06-13,12.07
1985-06-14,14.0
1985-06-15,11.99
1985-06-16,10.58
1985-06-17,10.71
1985-06-18,12.57
1985-06-19,14.57
1985-06-20,12.72
1985-06-21,13.33
1985-06-22,14.89
1985-06-23,13.84
1985-06-24,13.89
1985-06-25,13.36
1985-06-26,13.26
1985-06-27,12.46
1985-06-28,12.1
1985-06-29,14.92
1985-06-30,17.55
1985-07-01,16.19
1985-07-02,16.13
1985-07-03,16.59
1985-07-04,19.03
1985-07-05,20.43
1985-07-06,17.98
1985-07-07,18.39
1985-07-08,13.65
1985-07-09,13.83
1985-07-10,15.2
1985-07-11,15.99
1985-07-12,17.4
1985-07-13,19.59
1985-07-14,22.46
1985-07-15,20.87
1985-07-16,17.62
1985-07-17,18.84
1985-07-18,20.48
1985-07-19,19.93
1985-07-20,17.95
1985-07-21,13.75
1985-07-22,14.56
1985-07-23,17.86
1985-07-24,17.11
1985-07-25,19.81
1985-07-26,21.48
1985-07-27,19.89
1985-07-28,19.88
1985-07-29,17.18
1985-07-30,18.31
1985-07-31,16.42
1985-08-01,16.11
1985-08-02,16.74
1985-08-03,17.29
1985-08-04,15.69
1985-08-05,20.8
1985-08-06,15.21
1985-08-07,14.15
1985-08-08,13.61
1985-08-09,17.47
1985-08-10,16.06
1985-08-11,16.8
1985-08-12,19.23
1985-08-13,19.92
1985-08-14,23.12
1985-08-15,22.5
1985-08-16,20.82
1985-08-17,17.05
1985-08-18,13.79
1985-08-19,16.52
1985-08-20,16.37
1985-08-21,16.9
1985-08-22,19.83
1985-08-23,18.06
1985-08-24,20.24
1985-08-25,15.34
1985-08-26,14.38
1985-08-27,12.7
1985-08-28,12.9
1985-08-29,13.79
1985-08-30,15.56
1985-08-31,17.74
1985-09-01,17.9
1985-09-02,14.31
1985-09-03,14.94
1985-09-04,13.3
1985-09-05,13.02
1985-09-06,12.33
1985-09-07,9.83
1985-09-08,9.76
1985-09-09,10.27
1985-09-10,9.12
1985-09-11,12.48
1985-09-12,13.02
1985-09-13,13.69
1985-09-14,15.12
1985-09-15,13.32
1985-09-16,11.48
1985-09-17,14.55
1985-09-18,17.85
1985-09-19,16.46
1985-09-20,17.95
1985-09-21,18.86
1985-09-22,19.32
1985-09-23,17.61
1985-09-24,15.86
1985-09-25,13.28
1985-09-26,12.08
1985-09-27,12.51
1985-09-28,12.59
1985-09-29,11.89
1985-09-30,11.03
1985-10-01,12.06
1985-10-02,15.59
1985-10-03,17.5
1985-10-04,17.95
1985-10-05,15.7
1985-10-06,14.7
1985-10-07,13.75
1985-10-08,12.46
1985-10-09,9.87
1985-10-10,11.58
1985-10-11,13.19
1985-10-12,11.84
1985-10-13,5.58
1985-10-14,7.51
1985-10-15,11.04
1985-10-16,6.02
1985-10-17,6.9
1985-10-18,9.86
1985-10-19,7.57
1985-10-20,3.93
1985-10-21,5.4
1985-10-22,4.36
1985-10-23,6.35
1985-10-24,5.69
1985-10-25,7.45
1985-10-26,4.92
1985-10-27,0.81
1985-10-28,-0.42
1985-10-29,0.51
1985-10-30,-1.04
1985-10-31,1.9
1985-11-01,2.9
1985-11-02,5.13
1985-11-03,1.15
1985-11-04,1.54
1985-11-05,8.45
1985-11-06,4.94
1985-11-07,5.39
1985-11-08,7.15
1985-11-09,11.63
1985-11-10,9.97
1985-11-11,1.53
1985-11-12,1.18
1985-11-13,0.23
1985-11-14,0.49
1985-11-15,-1.03
1985-11-16,-1.8
1985-11-17,-3.08
1985-11-18,-3.33
1985-11-19,-2.33
1985-11-20,-1.48
1985-11-21,-2.09
1985-11-22,-2.94
1985-11-23,-3.81
1985-11-24,-2.34
1985-11-25,-0.87
1985-11-26,-3.38
1985-11-27,-5.47
1985-11-28,-1.73
1985-11-29,-3.12
1985-11-30,-0.56
1985-12-01,2.52
1985-12-02,4.01
1985-12-03,6.4
1985-12-04,8.32
1985-12-05,6.29
1985-12-06,7.45
1985-12-07,7.05
1985-12-08,7.13
1985-12-09,5.06
1985-12-10,4.35
1985-12-11,2.72
1985-12-12,1.48
1985-12-13,0.81
1985-12-14,2.22
1985-12-15,6.46
1985-12-16,8.26
1985-12-17,6.6
1985-12-18,5.27
1985-12-19,5.08
1985-12-20,5.13
1985-12-21,4.29
1985-12-22,-0.92
1985-12-23,-0.87
1985-12-24,1.76
1985-12-25,2.45
1985-12-26,6.15
1985-12-27,5.88
1985-12-28,0.73
1985-12-29,-2.44
1985-12-30,-4.76
1985-12-31,-12.62
1986-01-01,-7.82
1986-01-02,-1.53
1986-01-03,2.77
1986-01-04,-0.25
1986-01-05,-1.19
1986-01-06,0.97
1986-01-07,-0.6
1986-01-08,-5.2
1986-01-09,-3.02
1986-01-10,-6.67
1986-01-11,2.59
1986-01-12,2.57
1986-01-13,3.55
1986-01-14,5.42
1986-01-15,3.08
1986-01-16,1.2
1986-01-17,-1.1
1986-01-18,-1.37
1986-01-19,7.98
1986-01-20,5.07
1986-01-21,2.94
1986-01-22,3.95
1986-01-23,5.22
1986-01-24,2.19
1986-01-25,0.52
1986-01-26,-1.65
1986-01-27,-3.62
1986-01-28,-3.25
1986-01-29,-3.77
1986-01-30,0.35
1986-01-31,2.68
1986-02-01,4.43
1986-02-02,2.51
1986-02-03,1.96
1986-02-04,0.09
1986-02-05,-2.32
1986-02-06,-3.83
1986-02-07,-6.7
1986-02-08,-10.68
1986-02-09,-11.93
1986-02-10,-9.3
1986-02-11,-4.97
1986-02-12,-8.54
1986-02-13,-6.78
1986-02-14,-6.22
1986-02-15,-2.65
1986-02-16,-4.58
1986-02-17,-4.28
1986-02-18,-4.6
1986-02-19,-4.62
1986-02-20,-8.5
1986-02-21,-8.11
1986-02-22,-11.31
1986-02-23,-7.35
1986-02-24,-9.17
1986-02-25,-8.13
1986-02-26,-8.44
1986-02-27,-7.44
1986-02-28,-5.65
1986-03-01,-3.78
1986-03-02,-3.53
1986-03-03,-0.87
1986-03-04,0.27
1986-03-05,2.63
1986-03-06,4.17
1986-03-07,3.4
1986-03-08,1.46
1986-03-09,2.58
1986-03-10,3.44
1986-03-11,3.56
1986-03-12,3.48
1986-03-13,3.79
1986-03-14,3.87
1986-03-15,5.75
1986-03-16,6.74
1986-03-17,4.1
1986-03-18,4.0
1986-03-19,3.5
1986-03-20,3.55
1986-03-21,4.21
1986-03-22,2.24
1986-03-23,4.32
1986-03-24,4.62
1986-03-25,4.61
1986-03-26,4.26
1986-03-27,5.3
1986-03-28,10.05
1986-03-29,6.86
1986-03-30,4.85
1986-03-31,8.62
1986-04-01,6.4
1986-04-02,4.59
1986-04-03,5.19
1986-04-04,3.84
1986-04-05,2.75
1986-04-06,4.12
1986-04-07,12.38
1986-04-08,11.85
1986-04-09,10.29
1986-04-10,2.42
1986-04-11,-1.6
1986-04-12,-0.97
1986-04-13,-1.01
1986-04-14,2.77
1986-04-15,9.33
1986-04-16,10.19
1986-04-17,8.26
1986-04-18,6.04
1986-04-19,4.68
1986-04-20,5.83
1986-04-21,10.38
1986-04-22,9.26
1986-04-23,8.33
1986-04-24,11.43
1986-04-25,11.56
1986-04-26,14.6
1986-04-27,12.92
1986-04-28,13.55
1986-04-29,16.1
1986-04-30,15.24
1986-05-01,15.77
1986-05-02,18.15
1986-05-03,17.72
1986-05-04,16.17
1986-05-05,18.18
1986-05-06,16.82
1986-05-07,15.73
1986-05-08,11.61
1986-05-09,11.15
1986-05-10,12.7
1986-05-11,15.45
1986-05-12,15.03
1986-05-13,16.85
1986-05-14,15.43
1986-05-15,13.85
1986-05-16,13.86
1986-05-17,16.07
1986-05-18,17.82
1986-05-19,18.25
1986-05-20,18.12
1986-05-21,17.67
1986-05-22,16.14
1986-05-23,18.01
1986-05-24,15.35
1986-05-25,13.96
1986-05-26,17.4
1986-05-27,19.77
1986-05-28,14.61
1986-05-29,10.02
1986-05-30,8.68
1986-05-31,9.24
1986-06-01,9.7
1986-06-02,10.43
1986-06-03,13.48
1986-06-04,10.64
1986-06-05,9.18
1986-06-06,8.66
1986-06-07,8.41
1986-06-08,11.55
1986-06-09,14.87
1986-06-10,16.78
1986-06-11,11.77
1986-06-12,10.9
1986-06-13,12.6
1986-06-14,18.88
1986-06-15,22.65
1986-06-16,23.13
1986-06-17,21.02
1986-06-18,19.66
1986-06-19,21.61
1986-06-20,23.05
1986-06-21,21.72
1986-06-22,20.35
1986-06-23,20.15
1986-06-24,18.22
1986-06-25,18.46
1986-06-26,20.18
1986-06-27,21.22
1986-06-28,21.68
1986-06-29,19.36
1986-06-30,18.8
1986-07-01,19.66
1986-07-02,21.52
1986-07-03,22.46
1986-07-04,21.57
1986-07-05,21.95
1986-07-06,18.06
1986-07-07,14.8
1986-07-08,13.08
1986-07-09,12.91
1986-07-10,13.0
1986-07-11,13.58
1986-07-12,13.86
1986-07-13,13.48
1986-07-14,14.65
1986-07-15,16.4
1986-07-16,19.42
1986-07-17,20.14
1986-07-18,15.92
1986-07-19,14.6
1986-07-20,14.58
1986-07-21,16.17
1986-07-22,19.55
1986-07-23,18.53
1986-07-24,13.45
1986-07-25,14.38
1986-07-26,17.67
1986-07-27,19.64
1986-07-28,20.67
1986-07-29,22.98
1986-07-30,20.43
1986-07-31,21.71
1986-08-01,19.37
1986-08-02,20.92
1986-08-03,24.42
1986-08-04,23.12
1986-08-05,19.16
1986-08-06,18.76
1986-08-07,20.75
1986-08-08,19.38
1986-08-09,18.39
1986-08-10,21.5
1986-08-11,21.88
1986-08-12,18.3
1986-08-13,18.86
1986-08-14,18.42
1986-08-15,20.95
1986-08-16,20.42
1986-08-17,18.79
1986-08-18,18.68
1986-08-19,16.44
1986-08-20,13.82
1986-08-21,12.93
1986-08-22,17.22
1986-08-23,14.98
1986-08-24,13.74
1986-08-25,13.11
1986-08-26,16.13
1986-08-27,14.42
1986-08-28,12.62
1986-08-29,11.42
1986-08-30,10.8
1986-08-31,12.07
1986-09-01,10.3
1986-09-02,12.19
1986-09-03,14.11
1986-09-04,11.17
1986-09-05,10.2
1986-09-06,12.11
1986-09-07,12.98
1986-09-08,11.97
1986-09-09,11.6
1986-09-10,10.05
1986-09-11,9.12
1986-09-12,10.52
1986-09-13,12.22
1986-09-14,17.63
1986-09-15,19.26
1986-09-16,13.73
1986-09-17,10.9
1986-09-18,8.9
1986-09-19,7.71
1986-09-20,8.28
1986-09-21,10.4
1986-09-22,12.13
1986-09-23,10.92
1986-09-24,11.93
1986-09-25,10.66
1986-09-26,10.39
1986-09-27,10.13
1986-09-28,10.59
1986-09-29,9.82
1986-09-30,10.86
1986-10-01,12.75
1986-10-02,11.98
1986-10-03,11.49
1986-10-04,9.69
1986-10-05,9.84
1986-10-06,10.02
1986-10-07,12.12
1986-10-08,11.99
1986-10-09,10.39
1986-10-10,8.02
1986-10-11,9.81
1986-10-12,11.46
1986-10-13,9.9
1986-10-14,10.22
1986-10-15,8.97
1986-10-16,7.49
1986-10-17,8.75
1986-10-18,5.56
1986-10-19,9.37
1986-10-20,8.93
1986-10-21,8.37
1986-10-22,13.19
1986-10-23,8.16
1986-10-24,5.42
1986-10-25,6.53
1986-10-26,8.39
1986-10-27,5.17
1986-10-28,6.0
1986-10-29,7.1
1986-10-30,3.38
1986-10-31,5.88
1986-11-01,9.97
1986-11-02,6.28
1986-11-03,1.38
1986-11-04,3.24
1986-11-05,5.08
1986-11-06,6.53
1986-11-07,1.77
1986-11-08,2.27
1986-11-09,2.86
1986-11-10,4.62
1986-11-11,5.46
1986-11-12,6.29
1986-11-13,2.54
1986-11-14,2.2
1986-11-15,4.37
1986-11-16,9.83
1986-11-17,9.38
1986-11-18,6.95
1986-11-19,7.79
1986-11-20,6.59
1986-11-21,2.08
1986-11-22,6.03
1986-11-23,5.84
1986-11-24,5.25
1986-11-25,7.25
1986-11-26,5.36
1986-11-27,4.64
1986-11-28,-1.35
1986-11-29,-1.12
1986-11-30,-1.71
1986-12-01,-1.85
1986-12-02,0.35
1986-12-03,4.42
1986-12-04,2.95
1986-12-05,1.92
1986-12-06,3.46
1986-12-07,4.09
1986-12-08,3.62
1986-12-09,0.29
1986-12-10,3.32
1986-12-11,2.03
1986-12-12,-0.44
1986-12-13,0.19
1986-12-14,2.68
1986-12-15,0.88
1986-12-16,2.97
1986-12-17,2.45
1986-12-18,5.54
1986-12-19,4.04
1986-12-20,1.97
1986-12-21,1.24
1986-12-22,-2.63
1986-12-23,-2.93
1986-12-24,-4.09
1986-12-25,-4.94
1986-12-26,-2.25
1986-12-27,0.92
1986-12-28,2.1
1986-12-29,7.0
1986-12-30,7.59
1986-12-31,7.52
1987-01-01,6.53
1987-01-02,5.67
1987-01-03,-4.66
1987-01-04,-2.77
1987-01-05,1.4
1987-01-06,1.64
1987-01-07,-4.29
1987-01-08,-6.3
1987-01-09,-2.8
1987-01-10,-5.84
1987-01-11,-13.62
1987-01-12,-15.45
1987-01-13,-16.04
1987-01-14,-12.07
1987-01-15,-10.94
1987-01-16,-9.42
1987-01-17,-6.83
1987-01-18,-7.06
1987-01-19,-5.25
1987-01-20,-6.6
1987-01-21,-5.77
1987-01-22,-6.45
1987-01-23,-1.9
1987-01-24,1.31
1987-01-25,0.04
1987-01-26,-0.85
1987-01-27,-5.92
1987-01-28,-3.45
1987-01-29,-7.01
1987-01-30,-15.71
1987-01-31,-16.12
1987-02-01,-15.35
1987-02-02,-14.11
1987-02-03,-10.25
1987-02-04,-0.99
1987-02-05,-0.17
1987-02-06,2.1
1987-02-07,4.0
1987-02-08,1.16
1987-02-09,6.21
1987-02-10,4.16
1987-02-11,1.35
1987-02-12,0.3
1987-02-13,0.88
1987-02-14,1.61
1987-02-15,1.21
1987-02-16,0.1
1987-02-17,-0.38
1987-02-18,-1.3
1987-02-19,-2.1
1987-02-20,0.19
1987-02-21,0.39
1987-02-22,0.04
1987-02-23,-0.97
1987-02-24,-5.05
1987-02-25,-3.86
1987-02-26,-1.61
1987-02-27,2.35
1987-02-28,5.86
1987-03-01,5.15
1987-03-02,1.07
1987-03-03,-8.22
1987-03-04,-10.32
1987-03-05,-8.7
1987-03-06,-7.56
1987-03-07,-8.07
1987-03-08,-5.84
1987-03-09,-4.78
1987-03-10,-2.93
1987-03-11,-2.65
1987-03-12,-3.15
1987-03-13,-3.07
1987-03-14,-1.32
1987-03-15,-1.4
1987-03-16,0.22
1987-03-17,-0.42
1987-03-18,2.92
1987-03-19,1.0
1987-03-20,0.81
1987-03-21,1.41
1987-03-22,2.01
1987-03-23,1.76
1987-03-24,6.98
1987-03-25,8.15
1987-03-26,7.83
1987-03-27,7.41
1987-03-28,7.67
1987-03-29,4.7
1987-03-30,0.6
1987-03-31,0.81
1987-04-01,2.64
1987-04-02,3.55
1987-04-03,7.12
1987-04-04,8.67
1987-04-05,9.36
1987-04-06,6.96
1987-04-07,10.6
1987-04-08,12.72
1987-04-09,9.1
1987-04-10,9.11
1987-04-11,8.05
1987-04-12,5.29
1987-04-13,5.29
1987-04-14,5.28
1987-04-15,8.76
1987-04-16,7.94
1987-04-17,10.32
1987-04-18,11.34
1987-04-19,11.87
1987-04-20,12.61
1987-04-21,7.98
1987-04-22,7.71
1987-04-23,8.93
1987-04-24,11.53
1987-04-25,14.0
1987-04-26,15.18
1987-04-27,12.65
1987-04-28,11.08
1987-04-29,14.03
1987-04-30,14.65
1987-05-01,15.58
1987-05-02,15.62
1987-05-03,9.35
1987-05-04,5.7
1987-05-05,8.43
1987-05-06,8.55
1987-05-07,9.1
1987-05-08,10.62
1987-05-09,11.75
1987-05-10,13.08
1987-05-11,8.62
1987-05-12,10.04
1987-05-13,8.52
1987-05-14,7.48
1987-05-15,9.72
1987-05-16,8.63
1987-05-17,8.74
1987-05-18,10.13
1987-05-19,11.52
1987-05-20,9.39
1987-05-21,6.02
1987-05-22,7.22
1987-05-23,8.5
1987-05-24,11.24
1987-05-25,13.44
1987-05-26,15.35
1987-05-27,13.95
1987-05-28,13.96
1987-05-29,9.6
1987-05-30,11.08
1987-05-31,13.48
1987-06-01,13.71
1987-06-02,14.49
1987-06-03,13.4
1987-06-04,13.4
1987-06-05,13.73
1987-06-06,16.04
1987-06-07,15.52
1987-06-08,13.41
1987-06-09,12.82
1987-06-10,12.84
1987-06-11,15.23
1987-06-12,15.87
1987-06-13,17.64
1987-06-14,15.43
1987-06-15,13.8
1987-06-16,10.72
1987-06-17,10.61
1987-06-18,11.23
1987-06-19,13.17
1987-06-20,14.16
1987-06-21,13.88
1987-06-22,14.33
1987-06-23,15.12
1987-06-24,14.7
1987-06-25,13.85
1987-06-26,13.56
1987-06-27,16.15
1987-06-28,17.88
1987-06-29,21.65
1987-06-30,24.17
1987-07-01,23.33
1987-07-02,21.37
1987-07-03,22.16
1987-07-04,20.34
1987-07-05,19.5
1987-07-06,19.93
1987-07-07,21.11
1987-07-08,18.97
1987-07-09,17.25
1987-07-10,15.85
1987-07-11,19.52
1987-07-12,20.88
1987-07-13,17.76
1987-07-14,19.78
1987-07-15,20.72
1987-07-16,22.19
1987-07-17,22.1
1987-07-18,16.63
1987-07-19,16.48
1987-07-20,16.93
1987-07-21,17.53
1987-07-22,17.92
1987-07-23,18.52
1987-07-24,18.59
1987-07-25,14.99
1987-07-26,12.35
1987-07-27,12.12
1987-07-28,12.96
1987-07-29,15.33
1987-07-30,17.65
1987-07-31,16.15
1987-08-01,15.92
1987-08-02,13.63
1987-08-03,15.04
1987-08-04,15.34
1987-08-05,12.0
1987-08-06,11.46
1987-08-07,11.14
1987-08-08,14.73
1987-08-09,13.27
1987-08-10,13.7
1987-08-11,13.78
1987-08-12,14.61
1987-08-13,18.24
1987-08-14,19.98
1987-08-15,17.3
1987-08-16,16.64
1987-08-17,20.97
1987-08-18,18.81
1987-08-19,19.58
1987-08-20,19.08
1987-08-21,19.08
1987-08-22,19.52
1987-08-23,17.42
1987-08-24,20.86
1987-08-25,17.95
1987-08-26,14.99
1987-08-27,14.78
1987-08-28,14.61
1987-08-29,15.57
1987-08-30,16.88
1987-08-31,15.95
1987-09-01,17.18
1987-09-02,18.03
1987-09-03,17.12
1987-09-04,18.22
1987-09-05,17.81
1987-09-06,15.85
1987-09-07,16.25
1987-09-08,14.07
1987-09-09,12.57
1987-09-10,15.12
1987-09-11,14.11
1987-09-12,17.77
1987-09-13,20.12
1987-09-14,20.45
1987-09-15,16.45
1987-09-16,16.37
1987-09-17,18.62
1987-09-18,20.48
1987-09-19,18.12
1987-09-20,19.12
1987-09-21,18.88
1987-09-22,19.97
1987-09-23,18.6
1987-09-24,15.07
1987-09-25,11.71
1987-09-26,11.15
1987-09-27,9.63
1987-09-28,5.44
1987-09-29,5.55
1987-09-30,6.76
1987-10-01,8.44
1987-10-02,9.05
1987-10-03,8.92
1987-10-04,8.25
1987-10-05,13.06
1987-10-06,13.91
1987-10-07,12.82
1987-10-08,11.13
1987-10-09,9.24
1987-10-10,11.45
1987-10-11,14.18
1987-10-12,9.31
1987-10-13,8.67
1987-10-14,10.25
1987-10-15,12.96
1987-10-16,14.52
1987-10-17,11.02
1987-10-18,9.75
1987-10-19,7.7
1987-10-20,7.33
1987-10-21,7.58
1987-10-22,9.36
1987-10-23,8.54
1987-10-24,9.27
1987-10-25,6.42
1987-10-26,6.42
1987-10-27,6.95
1987-10-28,6.88
1987-10-29,6.59
1987-10-30,4.74
1987-10-31,4.37
1987-11-01,7.4
1987-11-02,9.3
1987-11-03,7.67
1987-11-04,3.33
1987-11-05,1.02
1987-11-06,1.93
1987-11-07,2.8
1987-11-08,1.04
1987-11-09,3.32
1987-11-10,5.43
1987-11-11,7.57
1987-11-12,7.02
1987-11-13,7.25
1987-11-14,6.31
1987-11-15,3.35
1987-11-16,7.68
1987-11-17,7.91
1987-11-18,7.85
1987-11-19,7.65
1987-11-20,5.94
1987-11-21,4.91
1987-11-22,4.14
1987-11-23,3.95
1987-11-24,1.88
1987-11-25,3.15
1987-11-26,-1.05
1987-11-27,0.52
1987-11-28,2.58
1987-11-29,2.3
1987-11-30,2.13
1987-12-01,2.19
1987-12-02,1.18
1987-12-03,0.22
1987-12-04,-2.1
1987-12-05,-1.76
1987-12-06,0.22
1987-12-07,-1.29
1987-12-08,-5.11
1987-12-09,-7.3
1987-12-10,-8.02
1987-12-11,-0.48
1987-12-12,-1.56
1987-12-13,-3.65
1987-12-14,-2.93
1987-12-15,-1.1
1987-12-16,1.91
1987-12-17,8.07
1987-12-18,11.44
1987-12-19,8.11
1987-12-20,7.05
1987-12-21,7.14
1987-12-22,5.64
1987-12-23,-0.27
1987-12-24,-0.74
1987-12-25,-0.7
1987-12-26,2.81
1987-12-27,5.74
1987-12-28,7.47
1987-12-29,7.64
1987-12-30,7.61
1987-12-31,7.31
1988-01-01,5.41
1988-01-02,9.08
1988-01-03,7.48
1988-01-04,7.31
1988-01-05,8.8
1988-01-06,7.76
1988-01-07,5.38
1988-01-08,2.91
1988-01-09,0.26
1988-01-10,-0.7
1988-01-11,0.42
1988-01-12,-0.79
1988-01-13,-2.51
1988-01-14,-3.52
1988-01-15,-0.59
1988-01-16,1.41
1988-01-17,1.83
1988-01-18,1.89
1988-01-19,1.29
1988-01-20,0.5
1988-01-21,0.7
1988-01-22,1.72
1988-01-23,1.32
1988-01-24,1.52
1988-01-25,5.51
1988-01-26,6.25
1988-01-27,4.28
1988-01-28,3.7
1988-01-29,6.67
1988-01-30,4.25
1988-01-31,3.33
1988-02-01,2.02
1988-02-02,5.95
1988-02-03,5.9
1988-02-04,6.5
1988-02-05,5.43
1988-02-06,6.1
1988-02-07,2.43
1988-02-08,1.83
1988-02-09,2.45
1988-02-10,3.17
1988-02-11,2.92
1988-02-12,2.52
1988-02-13,1.17
1988-02-14,-0.51
1988-02-15,0.12
1988-02-16,0.32
1988-02-17,1.81
1988-02-18,3.05
1988-02-19,3.53
1988-02-20,2.05
1988-02-21,0.06
1988-02-22,2.99
1988-02-23,1.11
1988-02-24,0.67
1988-02-25,-0.13
1988-02-26,-0.32
1988-02-27,0.32
1988-02-28,0.0
1988-02-29,0.1
1988-03-01,-0.2
1988-03-02,-1.78
1988-03-03,0.28
1988-03-04,1.86
1988-03-05,1.0
1988-03-06,-0.95
1988-03-07,1.57
1988-03-08,-0.15
1988-03-09,-0.71
1988-03-10,-1.72
1988-03-11,2.5
1988-03-12,2.06
1988-03-13,1.12
1988-03-14,0.92
1988-03-15,2.7
1988-03-16,6.13
1988-03-17,3.46
1988-03-18,0.72
1988-03-19,1.63
1988-03-20,7.73
1988-03-21,7.42
1988-03-22,7.31
1988-03-23,5.94
1988-03-24,6.36
1988-03-25,6.43
1988-03-26,5.07
1988-03-27,4.6
1988-03-28,4.46
1988-03-29,6.62
1988-03-30,8.65
1988-03-31,7.93
1988-04-01,4.56
1988-04-02,5.62
1988-04-03,6.13
1988-04-04,8.59
1988-04-05,8.38
1988-04-06,13.09
1988-04-07,14.39
1988-04-08,10.22
1988-04-09,4.93
1988-04-10,3.37
1988-04-11,6.0
1988-04-12,9.94
1988-04-13,7.44
1988-04-14,4.22
1988-04-15,7.92
1988-04-16,10.6
1988-04-17,10.91
1988-04-18,13.99
1988-04-19,14.39
1988-04-20,12.3
1988-04-21,11.39
1988-04-22,12.48
1988-04-23,5.55
1988-04-24,4.7
1988-04-25,6.77
1988-04-26,8.25
1988-04-27,10.28
1988-04-28,9.74
1988-04-29,11.3
1988-04-30,13.73
1988-05-01,13.52
1988-05-02,14.23
1988-05-03,13.18
1988-05-04,12.06
1988-05-05,13.02
1988-05-06,16.12
1988-05-07,17.78
1988-05-08,16.26
1988-05-09,16.42
1988-05-10,16.25
1988-05-11,14.92
1988-05-12,17.43
1988-05-13,18.82
1988-05-14,19.08
1988-05-15,19.17
1988-05-16,19.42
1988-05-17,16.94
1988-05-18,13.24
1988-05-19,13.92
1988-05-20,11.08
1988-05-21,8.17
1988-05-22,9.46
1988-05-23,12.64
1988-05-24,14.72
1988-05-25,18.62
1988-05-26,20.46
1988-05-27,19.96
1988-05-28,17.71
1988-05-29,15.68
1988-05-30,14.97
1988-05-31,13.85
1988-06-01,11.59
1988-06-02,12.7
1988-06-03,17.45
1988-06-04,15.27
1988-06-05,13.25
1988-06-06,10.43
1988-06-07,14.14
1988-06-08,15.75
1988-06-09,16.09
1988-06-10,15.66
1988-06-11,16.66
1988-06-12,15.15
1988-06-13,16.27
1988-06-14,17.76
1988-06-15,18.96
1988-06-16,19.48
1988-06-17,17.94
1988-06-18,18.19
1988-06-19,15.96
1988-06-20,13.0
1988-06-21,14.07
1988-06-22,14.29
1988-06-23,11.47
1988-06-24,14.81
1988-06-25,15.5
1988-06-26,17.8
1988-06-27,18.76
1988-06-28,18.52
1988-06-29,19.15
1988-06-30,20.85
1988-07-01,19.82
1988-07-02,17.01
1988-07-03,14.68
1988-07-04,16.75
1988-07-05,20.3
1988-07-06,18.61
1988-07-07,17.89
1988-07-08,16.3
1988-07-09,16.63
1988-07-10,17.77
1988-07-11,21.14
1988-07-12,19.09
1988-07-13,18.26
1988-07-14,16.67
1988-07-15,14.75
1988-07-16,13.86
1988-07-17,14.75
1988-07-18,15.61
1988-07-19,15.9
1988-07-20,19.39
1988-07-21,19.98
1988-07-22,22.03
1988-07-23,24.44
1988-07-24,20.71
1988-07-25,18.46
1988-07-26,21.79
1988-07-27,17.09
1988-07-28,16.25
1988-07-29,16.92
1988-07-30,16.03
1988-07-31,16.76
1988-08-01,19.61
1988-08-02,20.28
1988-08-03,14.34
1988-08-04,14.9
1988-08-05,18.18
1988-08-06,17.75
1988-08-07,20.4
1988-08-08,21.37
1988-08-09,21.36
1988-08-10,21.52
1988-08-11,21.05
1988-08-12,21.29
1988-08-13,21.02
1988-08-14,21.1
1988-08-15,23.3
1988-08-16,19.2
1988-08-17,17.96
1988-08-18,17.97
1988-08-19,20.77
1988-08-20,17.17
1988-08-21,15.87
1988-08-22,13.45
1988-08-23,14.43
1988-08-24,16.31
1988-08-25,13.6
1988-08-26,13.27
1988-08-27,15.04
1988-08-28,20.02
1988-08-29,18.46
1988-08-30,14.9
1988-08-31,15.22
1988-09-01,17.8
1988-09-02,14.78
1988-09-03,12.75
1988-09-04,14.76
1988-09-05,16.27
1988-09-06,15.55
1988-09-07,12.64
1988-09-08,13.21
1988-09-09,13.63
1988-09-10,14.16
1988-09-11,15.53
1988-09-12,15.07
1988-09-13,11.84
1988-09-14,9.42
1988-09-15,11.35
1988-09-16,11.17
1988-09-17,12.8
1988-09-18,13.25
1988-09-19,12.72
1988-09-20,12.72
1988-09-21,12.37
1988-09-22,13.86
1988-09-23,14.43
1988-09-24,13.55
1988-09-25,14.23
1988-09-26,16.37
1988-09-27,15.83
1988-09-28,16.65
1988-09-29,13.68
1988-09-30,11.49
1988-10-01,11.63
1988-10-02,11.82
1988-10-03,12.65
1988-10-04,10.87
1988-10-05,12.52
1988-10-06,11.34
1988-10-07,10.01
1988-10-08,9.5
1988-10-09,13.0
1988-10-10,11.75
1988-10-11,8.79
1988-10-12,12.14
1988-10-13,13.0
1988-10-14,12.93
1988-10-15,12.08
1988-10-16,14.02
1988-10-17,13.1
1988-10-18,12.73
1988-10-19,13.86
1988-10-20,11.84
1988-10-21,9.73
1988-10-22,9.05
1988-10-23,9.7
1988-10-24,9.56
1988-10-25,10.0
1988-10-26,7.02
1988-10-27,8.07
1988-10-28,11.18
1988-10-29,7.8
1988-10-30,0.92
1988-10-31,0.93
1988-11-01,5.2
1988-11-02,4.75
1988-11-03,0.93
1988-11-04,-0.62
1988-11-05,-2.16
1988-11-06,1.05
1988-11-07,-1.3
1988-11-08,1.02
1988-11-09,0.83
1988-11-10,1.4
1988-11-11,4.32
1988-11-12,3.3
1988-11-13,6.88
1988-11-14,6.79
1988-11-15,8.25
1988-11-16,7.39
1988-11-17,3.72
1988-11-18,6.56
1988-11-19,4.32
1988-11-20,1.38
1988-11-21,-3.18
1988-11-22,-9.31
1988-11-23,-4.13
1988-11-24,-0.48
1988-11-25,2.12
1988-11-26,2.3
1988-11-27,2.42
1988-11-28,1.68
1988-11-29,5.5
1988-11-30,4.13
1988-12-01,4.63
1988-12-02,1.15
1988-12-03,0.53
1988-12-04,5.55
1988-12-05,5.73
1988-12-06,3.25
1988-12-07,2.11
1988-12-08,0.16
1988-12-09,2.77
1988-12-10,5.76
1988-12-11,7.84
1988-12-12,5.29
1988-12-13,4.29
1988-12-14,4.2
1988-12-15,-0.93
1988-12-16,-4.32
1988-12-17,-2.95
1988-12-18,0.88
1988-12-19,4.11
1988-12-20,1.4
1988-12-21,0.39
1988-12-22,4.77
1988-12-23,6.17
1988-12-24,8.18
1988-12-25,2.97
1988-12-26,5.53
1988-12-27,6.55
1988-12-28,6.7
1988-12-29,5.3
1988-12-30,4.48
1988-12-31,2.96
1989-01-01,3.15
1989-01-02,3.44
1989-01-03,-0.27
1989-01-04,-0.43
1989-01-05,1.85
1989-01-06,1.17
1989-01-07,3.0
1989-01-08,6.1
1989-01-09,6.66
1989-01-10,6.18
1989-01-11,3.77
1989-01-12,3.4
1989-01-13,4.05
1989-01-14,3.25
1989-01-15,2.28
1989-01-16,3.35
1989-01-17,1.36
1989-01-18,2.33
1989-01-19,1.0
1989-01-20,-1.05
1989-01-21,0.75
1989-01-22,1.83
1989-01-23,2.31
1989-01-24,0.15
1989-01-25,-0.67
1989-01-26,-2.57
1989-01-27,-3.33
1989-01-28,-3.28
1989-01-29,-1.4
1989-01-30,-0.04
1989-01-31,0.63
1989-02-01,1.31
1989-02-02,-1.22
1989-02-03,-2.3
1989-02-04,-2.61
1989-02-05,-0.32
1989-02-06,5.23
1989-02-07,4.01
1989-02-08,0.53
1989-02-09,0.74
1989-02-10,2.12
1989-02-11,0.87
1989-02-12,2.42
1989-02-13,2.8
1989-02-14,3.28
1989-02-15,3.65
1989-02-16,4.13
1989-02-17,1.74
1989-02-18,5.86
1989-02-19,11.37
1989-02-20,10.57
1989-02-21,3.63
1989-02-22,2.25
1989-02-23,6.8
1989-02-24,5.51
1989-02-25,3.43
1989-02-26,3.96
1989-02-27,2.1
1989-02-28,3.1
1989-03-01,4.43
1989-03-02,5.58
1989-03-03,6.43
1989-03-04,6.15
1989-03-05,6.96
1989-03-06,7.21
1989-03-07,7.15
1989-03-08,5.62
1989-03-09,5.85
1989-03-10,4.95
1989-03-11,6.16
1989-03-12,6.56
1989-03-13,8.54
1989-03-14,5.59
1989-03-15,6.04
1989-03-16,8.73
1989-03-17,9.54
1989-03-18,4.03
1989-03-19,3.23
1989-03-20,2.2
1989-03-21,5.2
1989-03-22,8.83
1989-03-23,5.32
1989-03-24,4.61
1989-03-25,7.71
1989-03-26,5.05
1989-03-27,8.07
1989-03-28,11.11
1989-03-29,10.85
1989-03-30,12.38
1989-03-31,13.22
1989-04-01,10.13
1989-04-02,4.72
1989-04-03,4.44
1989-04-04,6.05
1989-04-05,6.05
1989-04-06,7.87
1989-04-07,6.83
1989-04-08,7.6
1989-04-09,8.22
1989-04-10,6.87
1989-04-11,11.28
1989-04-12,14.59
1989-04-13,12.0
1989-04-14,9.92
1989-04-15,7.92
1989-04-16,9.32
1989-04-17,7.27
1989-04-18,5.54
1989-04-19,5.82
1989-04-20,6.8
1989-04-21,8.67
1989-04-22,4.74
1989-04-23,6.34
1989-04-24,9.48
1989-04-25,12.15
1989-04-26,12.17
1989-04-27,4.32
1989-04-28,3.48
1989-04-29,5.89
1989-04-30,7.2
1989-05-01,8.69
1989-05-02,11.15
1989-05-03,14.61
1989-05-04,13.98
1989-05-05,15.25
1989-05-06,11.08
1989-05-07,8.22
1989-05-08,9.39
1989-05-09,12.82
1989-05-10,13.33
1989-05-11,12.96
1989-05-12,13.42
1989-05-13,10.91
1989-05-14,10.29
1989-05-15,12.77
1989-05-16,15.18
1989-05-17,16.34
1989-05-18,18.08
1989-05-19,18.38
1989-05-20,18.14
1989-05-21,18.34
1989-05-22,17.52
1989-05-23,17.24
1989-05-24,18.48
1989-05-25,19.34
1989-05-26,19.32
1989-05-27,19.14
1989-05-28,20.4
1989-05-29,17.85
1989-05-30,14.54
1989-05-31,12.39
1989-06-01,14.73
1989-06-02,13.69
1989-06-03,10.89
1989-06-04,11.04
1989-06-05,9.11
1989-06-06,10.21
1989-06-07,11.46
1989-06-08,11.75
1989-06-09,13.77
1989-06-10,16.62
1989-06-11,15.37
1989-06-12,16.77
1989-06-13,17.48
1989-06-14,16.82
1989-06-15,15.23
1989-06-16,14.62
1989-06-17,16.37
1989-06-18,18.63
1989-06-19,19.08
1989-06-20,18.77
1989-06-21,21.18
1989-06-22,18.06
1989-06-23,16.65
1989-06-24,18.77
1989-06-25,19.27
1989-06-26,21.55
1989-06-27,19.83
1989-06-28,15.15
1989-06-29,15.7
1989-06-30,16.21
1989-07-01,17.89
1989-07-02,17.22
1989-07-03,15.53
1989-07-04,20.08
1989-07-05,23.91
1989-07-06,23.27
1989-07-07,23.19
1989-07-08,21.47
1989-07-09,20.26
1989-07-10,21.02
1989-07-11,19.43
1989-07-12,19.11
1989-07-13,18.06
1989-07-14,15.8
1989-07-15,14.98
1989-07-16,16.87
1989-07-17,15.32
1989-07-18,16.27
1989-07-19,14.81
1989-07-20,17.02
1989-07-21,19.52
1989-07-22,21.06
1989-07-23,20.92
1989-07-24,21.6
1989-07-25,20.45
1989-07-26,18.96
1989-07-27,18.97
1989-07-28,18.28
1989-07-29,17.65
1989-07-30,18.57
1989-07-31,16.26
1989-08-01,12.08
1989-08-02,11.99
1989-08-03,13.38
1989-08-04,15.95
1989-08-05,15.88
1989-08-06,17.94
1989-08-07,20.22
1989-08-08,18.82
1989-08-09,18.26
1989-08-10,18.7
1989-08-11,19.89
1989-08-12,19.17
1989-08-13,19.26
1989-08-14,20.52
1989-08-15,21.83
1989-08-16,24.51
1989-08-17,21.2
1989-08-18,19.99
1989-08-19,20.31
1989-08-20,20.37
1989-08-21,22.14
1989-08-22,21.22
1989-08-23,19.7
1989-08-24,16.79
1989-08-25,15.25
1989-08-26,15.51
1989-08-27,16.55
1989-08-28,11.45
1989-08-29,12.44
1989-08-30,13.09
1989-08-31,12.97
1989-09-01,15.12
1989-09-02,13.32
1989-09-03,11.99
1989-09-04,13.05
1989-09-05,13.04
1989-09-06,12.58
1989-09-07,13.09
1989-09-08,15.04
1989-09-09,15.31
1989-09-10,14.69
1989-09-11,16.38
1989-09-12,16.57
1989-09-13,15.06
1989-09-14,15.83
1989-09-15,14.24
1989-09-16,17.44
1989-09-17,18.66
1989-09-18,18.58
1989-09-19,19.13
1989-09-20,19.86
1989-09-21,19.37
1989-09-22,16.82
1989-09-23,15.67
1989-09-24,13.9
1989-09-25,13.4
1989-09-26,12.32
1989-09-27,10.6
1989-09-28,10.37
1989-09-29,10.48
1989-09-30,11.1
1989-10-01,13.37
1989-10-02,11.58
1989-10-03,10.09
1989-10-04,5.97
1989-10-05,6.62
1989-10-06,7.05
1989-10-07,9.57
1989-10-08,7.89
1989-10-09,6.78
1989-10-10,7.96
1989-10-11,7.39
1989-10-12,9.37
1989-10-13,10.94
1989-10-14,10.19
1989-10-15,6.81
1989-10-16,5.82
1989-10-17,6.35
1989-10-18,6.19
1989-10-19,7.83
1989-10-20,8.94
1989-10-21,14.43
1989-10-22,13.95
1989-10-23,12.16
1989-10-24,12.46
1989-10-25,11.42
1989-10-26,11.73
1989-10-27,11.32
1989-10-28,10.54
1989-10-29,11.31
1989-10-30,12.94
1989-10-31,10.06
1989-11-01,12.4
1989-11-02,12.02
1989-11-03,11.02
1989-11-04,8.93
1989-11-05,7.01
1989-11-06,5.92
1989-11-07,4.94
1989-11-08,3.75
1989-11-09,4.58
1989-11-10,1.5
1989-11-11,3.28
1989-11-12,1.55
1989-11-13,-1.28
1989-11-14,-1.14
1989-11-15,0.28
1989-11-16,1.22
1989-11-17,0.87
1989-11-18,-0.42
1989-11-19,-2.1
1989-11-20,-2.07
1989-11-21,-0.67
1989-11-22,0.76
1989-11-23,-2.36
1989-11-24,0.57
1989-11-25,-3.56
1989-11-26,-3.37
1989-11-27,1.47
1989-11-28,2.01
1989-11-29,-3.2
1989-11-30,-5.39
1989-12-01,-5.7
1989-12-02,-4.99
1989-12-03,-4.15
1989-12-04,-6.19
1989-12-05,-2.61
1989-12-06,0.05
1989-12-07,1.6
1989-12-08,-4.25
1989-12-09,-2.54
1989-12-10,-4.93
1989-12-11,-7.32
1989-12-12,-0.52
1989-12-13,4.1
1989-12-14,7.59
1989-12-15,9.32
1989-12-16,10.52
1989-12-17,9.35
1989-12-18,8.31
1989-12-19,7.57
1989-12-20,6.07
1989-12-21,10.68
1989-12-22,10.19
1989-12-23,5.35
1989-12-24,4.94
1989-12-25,0.96
1989-12-26,-1.46
1989-12-27,-2.93
1989-12-28,-2.25
1989-12-29,-1.95
1989-12-30,-2.82
1989-12-31,-2.02
1990-01-01,-2.7
1990-01-02,-1.76
1990-01-03,-0.82
1990-01-04,-2.27
1990-01-05,-1.64
1990-01-06,-1.22
1990-01-07,-4.22
1990-01-08,-5.5
1990-01-09,-1.7
1990-01-10,0.21
1990-01-11,0.37
1990-01-12,-0.62
1990-01-13,-3.3
1990-01-14,0.85
1990-01-15,1.34
1990-01-16,5.77
1990-01-17,7.01
1990-01-18,0.64
1990-01-19,1.43
1990-01-20,3.52
1990-01-21,6.06
1990-01-22,4.32
1990-01-23,4.72
1990-01-24,5.45
1990-01-25,5.73
1990-01-26,5.89
1990-01-27,5.05
1990-01-28,5.58
1990-01-29,4.13
1990-01-30,3.38
1990-01-31,5.7
1990-02-01,4.36
1990-02-02,3.65
1990-02-03,6.26
1990-02-04,6.09
1990-02-05,1.98
1990-02-06,-0.68
1990-02-07,4.97
1990-02-08,10.47
1990-02-09,4.38
1990-02-10,2.95
1990-02-11,3.85
1990-02-12,2.23
1990-02-13,1.92
1990-02-14,5.14
1990-02-15,1.46
1990-02-16,1.58
1990-02-17,0.76
1990-02-18,7.05
1990-02-19,6.83
1990-02-20,9.21
1990-02-21,7.08
1990-02-22,5.57
1990-02-23,5.04
1990-02-24,7.05
1990-02-25,11.37
1990-02-26,9.14
1990-02-27,2.87
1990-02-28,5.17
1990-03-01,4.52
1990-03-02,1.57
1990-03-03,1.69
1990-03-04,4.05
1990-03-05,4.8
1990-03-06,6.91
1990-03-07,7.88
1990-03-08,5.74
1990-03-09,7.81
1990-03-10,7.4
1990-03-11,11.98
1990-03-12,9.23
1990-03-13,4.69
1990-03-14,3.85
1990-03-15,4.58
1990-03-16,6.25
1990-03-17,7.12
1990-03-18,8.23
1990-03-19,8.94
1990-03-20,8.61
1990-03-21,12.27
1990-03-22,12.7
1990-03-23,8.33
1990-03-24,8.02
1990-03-25,6.09
1990-03-26,4.6
1990-03-27,5.44
1990-03-28,4.54
1990-03-29,6.84
1990-03-30,8.8
1990-03-31,8.22
1990-04-01,11.55
1990-04-02,11.28
1990-04-03,10.77
1990-04-04,5.19
1990-04-05,4.29
1990-04-06,6.53
1990-04-07,5.91
1990-04-08,5.77
1990-04-09,5.65
1990-04-10,5.15
1990-04-11,5.8
1990-04-12,5.43
1990-04-13,5.85
1990-04-14,8.34
1990-04-15,4.43
1990-04-16,5.51
1990-04-17,6.76
1990-04-18,5.85
1990-04-19,7.88
1990-04-20,10.72
1990-04-21,12.8
1990-04-22,12.07
1990-04-23,10.59
1990-04-24,9.51
1990-04-25,9.45
1990-04-26,10.23
1990-04-27,8.44
1990-04-28,5.58
1990-04-29,9.43
1990-04-30,11.65
1990-05-01,15.17
1990-05-02,18.12
1990-05-03,17.07
1990-05-04,17.37
1990-05-05,19.07
1990-05-06,16.98
1990-05-07,15.09
1990-05-08,13.73
1990-05-09,15.56
1990-05-10,15.79
1990-05-11,13.91
1990-05-12,13.24
1990-05-13,13.43
1990-05-14,12.7
1990-05-15,14.66
1990-05-16,15.92
1990-05-17,16.12
1990-05-18,13.51
1990-05-19,14.23
1990-05-20,15.67
1990-05-21,16.55
1990-05-22,17.59
1990-05-23,17.14
1990-05-24,17.43
1990-05-25,12.9
1990-05-26,11.41
1990-05-27,13.2
1990-05-28,9.29
1990-05-29,10.09
1990-05-30,11.75
1990-05-31,13.95
1990-06-01,16.86
1990-06-02,15.82
1990-06-03,13.16
1990-06-04,12.97
1990-06-05,12.45
1990-06-06,14.16
1990-06-07,14.95
1990-06-08,13.27
1990-06-09,10.85
1990-06-10,9.84
1990-06-11,12.97
1990-06-12,15.02
1990-06-13,14.66
1990-06-14,14.48
1990-06-15,14.45
1990-06-16,14.33
1990-06-17,15.63
1990-06-18,16.53
1990-06-19,19.35
1990-06-20,17.67
1990-06-21,17.7
1990-06-22,15.32
1990-06-23,14.69
1990-06-24,15.58
1990-06-25,18.07
1990-06-26,20.91
1990-06-27,21.58
1990-06-28,20.29
1990-06-29,21.36
1990-06-30,21.12
1990-07-01,17.65
1990-07-02,15.77
1990-07-03,14.6
1990-07-04,15.31
1990-07-05,14.97
1990-07-06,13.83
1990-07-07,12.81
1990-07-08,16.2
1990-07-09,18.05
1990-07-10,14.82
1990-07-11,14.24
1990-07-12,17.16
1990-07-13,20.45
1990-07-14,16.62
1990-07-15,15.99
1990-07-16,18.56
1990-07-17,17.59
1990-07-18,15.0
1990-07-19,14.78
1990-07-20,16.79
1990-07-21,19.84
1990-07-22,19.24
1990-07-23,16.45
1990-07-24,14.95
1990-07-25,16.83
1990-07-26,19.3
1990-07-27,20.75
1990-07-28,21.94
1990-07-29,22.23
1990-07-30,20.79
1990-07-31,21.65
1990-08-01,22.99
1990-08-02,23.94
1990-08-03,23.22
1990-08-04,22.6
1990-08-05,25.05
1990-08-06,18.57
1990-08-07,15.25
1990-08-08,14.86
1990-08-09,16.66
1990-08-10,18.55
1990-08-11,19.55
1990-08-12,22.95
1990-08-13,22.44
1990-08-14,20.5
1990-08-15,20.96
1990-08-16,19.03
1990-08-17,15.19
1990-08-18,14.82
1990-08-19,16.92
1990-08-20,17.99
1990-08-21,13.95
1990-08-22,14.29
1990-08-23,13.7
1990-08-24,17.84
1990-08-25,20.68
1990-08-26,20.15
1990-08-27,22.12
1990-08-28,21.27
1990-08-29,20.95
1990-08-30,19.58
1990-08-31,17.26
1990-09-01,13.87
1990-09-02,14.99
1990-09-03,15.23
1990-09-04,15.89
1990-09-05,13.03
1990-09-06,13.21
1990-09-07,11.79
1990-09-08,11.88
1990-09-09,12.02
1990-09-10,10.64
1990-09-11,11.73
1990-09-12,12.35
1990-09-13,12.0
1990-09-14,12.0
1990-09-15,12.31
1990-09-16,10.77
1990-09-17,11.15
1990-09-18,12.34
1990-09-19,15.46
1990-09-20,12.03
1990-09-21,10.0
1990-09-22,9.58
1990-09-23,12.86
1990-09-24,10.83
1990-09-25,10.87
1990-09-26,9.07
1990-09-27,8.85
1990-09-28,8.54
1990-09-29,11.66
1990-09-30,16.57
1990-10-01,15.78
1990-10-02,10.57
1990-10-03,9.69
1990-10-04,9.24
1990-10-05,9.05
1990-10-06,13.63
1990-10-07,13.5
1990-10-08,8.21
1990-10-09,5.94
1990-10-10,6.5
1990-10-11,7.37
1990-10-12,9.98
1990-10-13,11.77
1990-10-14,12.7
1990-10-15,14.23
1990-10-16,12.98
1990-10-17,13.03
1990-10-18,10.7
1990-10-19,10.9
1990-10-20,11.07
1990-10-21,8.99
1990-10-22,5.54
1990-10-23,5.72
1990-10-24,2.62
1990-10-25,4.14
1990-10-26,5.46
1990-10-27,7.91
1990-10-28,9.14
1990-10-29,7.2
1990-10-30,7.18
1990-10-31,7.96
1990-11-01,8.75
1990-11-02,7.32
1990-11-03,6.2
1990-11-04,4.38
1990-11-05,2.25
1990-11-06,-0.49
1990-11-07,2.97
1990-11-08,3.49
1990-11-09,3.97
1990-11-10,1.02
1990-11-11,6.03
1990-11-12,7.05
1990-11-13,6.35
1990-11-14,7.86
1990-11-15,7.8
1990-11-16,8.04
1990-11-17,11.44
1990-11-18,8.96
1990-11-19,5.14
1990-11-20,6.55
1990-11-21,4.95
1990-11-22,4.34
1990-11-23,2.42
1990-11-24,1.85
1990-11-25,2.13
1990-11-26,3.69
1990-11-27,1.88
1990-11-28,2.96
1990-11-29,2.42
1990-11-30,0.57
1990-12-01,-3.34
1990-12-02,-0.61
1990-12-03,0.58
1990-12-04,2.41
1990-12-05,1.14
1990-12-06,-2.96
1990-12-07,-5.95
1990-12-08,-7.49
1990-12-09,-2.22
1990-12-10,1.59
1990-12-11,-1.13
1990-12-12,0.4
1990-12-13,0.8
1990-12-14,1.0
1990-12-15,-1.88
1990-12-16,-0.63
1990-12-17,-1.42
1990-12-18,-2.76
1990-12-19,-2.3
1990-12-20,-0.81
1990-12-21,1.15
1990-12-22,1.64
1990-12-23,2.36
1990-12-24,1.27
1990-12-25,-0.14
1990-12-26,1.48
1990-12-27,4.43
1990-12-28,2.58
1990-12-29,6.12
1990-12-30,8.43
1990-12-31,4.42
